0.060829000001831446, 289110, 542981, 21458
0.10952700000052573, 289111, 542976, 21454
0.20685999999841442, 289113, 542975, 21451
0.268833000001905, 289114, 542981, 21447
0.31892599999991944, 289113, 542986, 21449
0.511899999997695, 289117, 543005, 21431
0.5450239999991027, 289120, 543001, 21428
0.595551999998861, 289122, 543006, 21426
0.6403759999957401, 289122, 543012, 21424
0.7017899999991641, 289123, 543020, 21416
0.7678049999958603, 289124, 543023, 21416
0.8559479999967152, 289126, 543021, 21414
0.900513000000501, 289128, 543025, 21413
0.9432240000023739, 289129, 543028, 21412
1.0057059999962803, 289130, 543031, 21415
1.0540509999991627, 289131, 543036, 21407
1.118001999995613, 289131, 543033, 21406
1.1833960000003572, 289130, 543030, 21405
1.2459689999959664, 289129, 543032, 21402
1.4712859999999637, 289131, 543038, 21404
1.5019029999966733, 289131, 543033, 21405
1.5509230000025127, 289132, 543035, 21399
1.6142719999988913, 289133, 543039, 21404
1.6779139999998733, 289131, 543033, 21403
1.7419020000015735, 289132, 543031, 21404
1.7904280000002473, 289133, 543034, 21401
1.8541750000003958, 289134, 543037, 21407
1.918149999997695, 289136, 543041, 21405
1.9666510000024573, 289137, 543040, 21404
2.030466999996861, 289137, 543037, 21403
2.0943179999958375, 289136, 543040, 21401
2.142720999996527, 289136, 543042, 21402
2.206773999998404, 289138, 543043, 21400
2.2703419999961625, 289138, 543048, 21396
2.4787339999966207, 289137, 543048, 21390
2.5108780000009574, 289135, 543052, 21381
2.5588110000026063, 289135, 543056, 21385
2.623085999999603, 289137, 543062, 21382
2.686443999999028, 289138, 543057, 21382
2.7350700000024517, 289140, 543059, 21380
2.798888999997871, 289140, 543064, 21377
2.862764999998035, 289141, 543068, 21368
2.9112400000012713, 289142, 543077, 21373
2.9749599999995553, 289143, 543075, 21372
3.0388789999997243, 289144, 543073, 21369
3.1027570000005653, 289144, 543077, 21368
3.1512670000010985, 289144, 543081, 21364
3.2154289999962202, 289143, 543082, 21368
3.2818090000000666, 289145, 543085, 21357
3.487280000001192, 289150, 543085, 21347
3.5192620000016177, 289149, 543090, 21338
3.567570999999589, 289150, 543096, 21337
3.6310210000010557, 289150, 543098, 21336
3.679579999996349, 289149, 543095, 21333
3.743618000000424, 289149, 543096, 21330
3.8075949999984005, 289149, 543100, 21327
3.8711140000013984, 289148, 543103, 21318
3.9202640000003157, 289150, 543108, 21321
3.9835689999963506, 289152, 543104, 21320
4.0472329999975045, 289151, 543102, 21318
4.095851999998558, 289151, 543105, 21318
4.16157199999725, 289149, 543108, 21315
4.223597999996855, 289149, 543114, 21314
4.272056000001612, 289151, 543115, 21314
4.495605999996769, 289150, 543118, 21311
4.527764999998908, 289149, 543121, 21312
4.575747999995656, 289149, 543125, 21310
4.624532000001636, 289150, 543123, 21311
4.688595999999961, 289149, 543119, 21311
4.752076999997371, 289149, 543123, 21310
4.800165000000561, 289149, 543125, 21311
4.868953999997757, 289152, 543128, 21313
4.928154000001086, 289151, 543128, 21308
4.992107999998552, 289152, 543122, 21309
5.040980999998283, 289152, 543117, 21309
5.104763999996067, 289154, 543118, 21311
5.16834899999958, 289156, 543120, 21311
5.223117000001366, 289158, 543126, 21311
5.283840999996755, 289157, 543123, 21310
5.4983050000009825, 289155, 543127, 21312
5.53617099999974, 289155, 543129, 21310
5.570289999996021, 289156, 543131, 21314
5.640223000002152, 289157, 543124, 21316
5.6977659999975, 289158, 543120, 21317
5.763039999998, 289158, 543121, 21318
5.8085379999974975, 289158, 543123, 21324
5.873961999997846, 289157, 543125, 21320
5.938592999998946, 289157, 543128, 21322
6.000723999997717, 289158, 543123, 21323
6.050879000002169, 289160, 543122, 21324
6.12806499999715, 289158, 543125, 21329
6.179886999998416, 289157, 543125, 21322
6.2297380000018165, 289158, 543127, 21328
6.290692000002309, 289159, 543123, 21330
6.5205409999980475, 289156, 543123, 21333
6.5356899999969755, 289155, 543125, 21331
6.595460999997158, 289156, 543126, 21336
6.655655000002298, 289156, 543121, 21337
6.706365999998525, 289156, 543118, 21338
6.758146000000124, 289155, 543122, 21341
6.819997999999032, 289155, 543124, 21339
6.892362999999023, 289156, 543126, 21343
6.945436000001791, 289157, 543125, 21344
7.001323999997112, 289156, 543122, 21344
7.0650190000014845, 289157, 543125, 21345
7.123905000000377, 289156, 543126, 21348
7.185172999998031, 289155, 543127, 21345
7.233509999998205, 289154, 543130, 21350
7.29832599999645, 289156, 543124, 21351
7.514772000002267, 289156, 543127, 21350
7.546341000001121, 289156, 543127, 21350
7.5922930000015185, 289158, 543130, 21350
7.6567040000009, 289159, 543124, 21349
7.713402000001224, 289156, 543124, 21348
7.78146199999901, 289156, 543128, 21346
7.835329000001366, 289156, 543132, 21355
7.891430999996373, 289156, 543139, 21340
7.940389999996114, 289158, 543135, 21337
8.004033999997773, 289160, 543133, 21335
8.065878000001248, 289162, 543139, 21331
8.13134899999568, 289161, 543144, 21327
8.187620999997307, 289165, 543149, 21324
8.244235999998637, 289165, 543153, 21320
8.486660999995365, 289168, 543161, 21308
8.504734000001918, 289168, 543160, 21305
8.563929999996617, 289170, 543160, 21301
8.617727999997442, 289171, 543164, 21298
8.681064999997034, 289172, 543168, 21298
8.75825099999929, 289174, 543176, 21289
8.79695399999764, 289176, 543178, 21284
8.8524649999963, 289175, 543175, 21282
8.918894000002183, 289174, 543175, 21280
8.984048999998777, 289174, 543179, 21276
9.032578999998805, 289174, 543183, 21273
9.127061999999569, 289174, 543191, 21269
9.155615999996371, 289174, 543189, 21267
9.211193999995885, 289174, 543186, 21265
9.270066999997653, 289173, 543191, 21259
9.478041000002122, 289180, 543205, 21257
9.541830000001937, 289180, 543204, 21256
9.56132400000206, 289181, 543201, 21256
9.618968000002496, 289180, 543205, 21253
9.687971999999718, 289180, 543209, 21249
9.749703000001318, 289177, 543213, 21251
9.807118999997329, 289180, 543213, 21250
9.868271999999706, 289181, 543210, 21251
9.928192999999737, 289181, 543212, 21251
9.976370999997016, 289181, 543214, 21248
10.039665999996942, 289181, 543215, 21252
10.100705999997444, 289176, 543218, 21250
10.163111000001663, 289175, 543213, 21250
10.21371299999737, 289174, 543213, 21251
10.2781479999976, 289173, 543214, 21252
10.485755000001518, 289176, 543219, 21254
10.52029400000174, 289176, 543221, 21254
10.576509999998962, 289175, 543221, 21255
10.629127000000153, 289175, 543224, 21257
10.695622999999614, 289175, 543224, 21245
10.747659000000567, 289174, 543223, 21255
10.804626999997708, 289174, 543217, 21254
10.868697999998403, 289172, 543214, 21254
10.931863999998313, 289172, 543216, 21251
10.986455999998725, 289173, 543217, 21255
11.048218999996607, 289176, 543222, 21252
11.109989999997197, 289175, 543222, 21252
11.168219999999565, 289175, 543218, 21252
11.221935000001395, 289175, 543220, 21251
11.287757999998576, 289175, 543224, 21255
11.514870999999403, 289181, 543230, 21249
11.526989999998477, 289183, 543226, 21248
11.5840640000024, 289183, 543228, 21247
11.638053000002401, 289181, 543231, 21246
11.702977000000828, 289182, 543233, 21251
11.756627999995544, 289186, 543238, 21242
11.817936999999802, 289186, 543233, 21240
11.883488999999827, 289187, 543232, 21238
11.940258999995422, 289189, 543237, 21235
11.989347999995516, 289189, 543241, 21236
12.0543039999975, 289190, 543245, 21231
12.130944999997155, 289191, 543242, 21227
12.19184800000221, 289189, 543239, 21224
12.256201999996847, 289189, 543241, 21224
12.315454999996291, 289190, 543245, 21226
12.505966999997327, 289188, 543249, 21211
12.539725000002363, 289187, 543243, 21210
12.584549999999581, 289187, 543245, 21206
12.65267099999619, 289189, 543248, 21192
12.709516000002623, 289189, 543250, 21199
12.779962000000523, 289189, 543247, 21198
12.823381000001973, 289187, 543243, 21195
12.892265000002226, 289187, 543246, 21193
12.949884000001475, 289187, 543247, 21181
12.997941000001447, 289187, 543253, 21182
13.065677999999025, 289190, 543253, 21180
13.127016999998887, 289191, 543249, 21177
13.190202999998291, 289194, 543253, 21175
13.248145999998087, 289193, 543255, 21176
13.464524999995774, 289199, 543261, 21163
13.493609999997716, 289198, 543257, 21156
13.560874999995576, 289199, 543260, 21158
13.631402999999409, 289199, 543256, 21157
13.672144999996817, 289200, 543253, 21155
13.733377999997174, 289202, 543257, 21153
13.814688999998907, 289200, 543260, 21150
13.845617999999376, 289197, 543265, 21147
13.910173999996914, 289199, 543267, 21146
13.982469000002311, 289197, 543262, 21145
14.038307999995595, 289197, 543264, 21143
14.08755999999994, 289197, 543265, 21143
14.152573999999731, 289200, 543267, 21143
14.222320000000764, 289204, 543272, 21137
14.272086999997555, 289206, 543268, 21136
14.485808999997971, 289205, 543273, 21132
14.520606999998563, 289206, 543275, 21133
14.570419999996375, 289205, 543280, 21128
14.626358000001346, 289204, 543275, 21126
14.686775000001944, 289203, 543271, 21125
14.74971199999709, 289204, 543271, 21122
14.805798000001232, 289206, 543273, 21113
14.865450999997847, 289205, 543278, 21123
14.92453899999964, 289206, 543276, 21122
14.982349999998405, 289207, 543271, 21120
15.036066000000574, 289205, 543273, 21121
15.10082500000135, 289204, 543276, 21118
15.1631619999971, 289207, 543277, 21125
15.222685000000638, 289209, 543282, 21118
15.279776999996102, 289208, 543280, 21117
15.503599999996368, 289207, 543291, 21113
15.527691999996023, 289208, 543289, 21112
15.574296999999206, 289209, 543291, 21112
15.626875000001746, 289209, 543290, 21112
15.687784000001557, 289207, 543289, 21110
15.753343999997014, 289205, 543292, 21109
15.81618499999604, 289204, 543296, 21114
15.866133999996237, 289206, 543303, 21106
15.929180999999517, 289208, 543300, 21107
15.993404000000737, 289208, 543295, 21106
16.04179099999601, 289207, 543297, 21108
16.103909999997995, 289206, 543299, 21102
16.169041000001016, 289205, 543305, 21107
16.217642999996315, 289206, 543307, 21105
16.283469000001787, 289205, 543302, 21105
16.49160899999697, 289205, 543308, 21109
16.54708799999935, 289208, 543303, 21109
16.578199999996286, 289208, 543301, 21109
16.6351880000002, 289207, 543295, 21110
16.699863000001642, 289205, 543294, 21111
16.76065799999924, 289204, 543296, 21114
16.81472599999688, 289206, 543296, 21118
16.87442700000247, 289205, 543296, 21116
16.943748999998206, 289202, 543289, 21118
16.999523999998928, 289201, 543291, 21120
17.05217999999877, 289201, 543291, 21115
17.11327000000165, 289202, 543292, 21123
17.17560599999706, 289202, 543294, 21122
17.259307000000263, 289203, 543288, 21123
17.296559000002162, 289203, 543286, 21123
17.514601999995648, 289202, 543293, 21124
17.550623999995878, 289202, 543290, 21125
17.592435999998997, 289203, 543286, 21125
17.64589700000215, 289205, 543289, 21125
17.703811999999743, 289206, 543292, 21125
17.771103999999468, 289207, 543295, 21118
17.81870099999651, 289205, 543299, 21123
17.885416999997688, 289205, 543293, 21123
17.94851899999776, 289205, 543292, 21121
18.01395400000183, 289204, 543295, 21121
18.05900300000212, 289203, 543298, 21119
18.12528100000054, 289202, 543305, 21119
18.1884579999969, 289202, 543303, 21118
18.236602999997558, 289203, 543300, 21117
18.464940999998362, 289208, 543311, 21114
18.508133999996062, 289208, 543308, 21113
18.55380100000184, 289208, 543310, 21106
18.620971999996982, 289210, 543311, 21119
18.683415999999852, 289207, 543314, 21111
18.736377000001085, 289209, 543308, 21110
18.798161999999138, 289210, 543304, 21109
18.858604000000923, 289210, 543307, 21109
18.92364799999632, 289209, 543307, 21103
18.97355499999685, 289211, 543313, 21103
19.036490999998932, 289209, 543310, 21104
19.104829999996582, 289210, 543306, 21103
19.16603799999575, 289210, 543307, 21101
19.210266000001866, 289208, 543308, 21105
19.27457599999616, 289206, 543309, 21097
19.4821030000021, 289205, 543307, 21092
19.5220679999984, 289204, 543303, 21091
19.56686400000035, 289206, 543305, 21092
19.629935999997542, 289208, 543310, 21088
19.691052000001946, 289208, 543311, 21085
19.73978999999963, 289210, 543308, 21085
19.80317400000058, 289210, 543310, 21085
19.866951999996672, 289211, 543313, 21083
19.935206000001926, 289212, 543316, 21075
19.99540899999556, 289216, 543319, 21081
20.043047999999544, 289215, 543316, 21080
20.10795099999814, 289216, 543313, 21080
20.176674000002095, 289216, 543316, 21080
20.219592000001285, 289214, 543318, 21080
20.284859999999753, 289215, 543321, 21075
20.499293000000762, 289214, 543319, 21072
20.523897999999463, 289217, 543316, 21067
20.581868000001123, 289216, 543318, 21062
20.63692599999922, 289215, 543323, 21070
20.697541000001365, 289214, 543319, 21068
20.761900999998034, 289211, 543316, 21067
20.81873600000108, 289212, 543319, 21064
20.878693999999086, 289212, 543321, 21058
20.939370000000054, 289213, 543323, 21066
20.99501500000042, 289214, 543319, 21067
21.069327999997768, 289213, 543316, 21067
21.11580099999992, 289211, 543318, 21071
21.179128999996465, 289210, 543319, 21076
21.23958699999639, 289209, 543323, 21069
21.315973999997368, 289211, 543320, 21070
21.50409299999592, 289206, 543315, 21071
21.55313500000193, 289206, 543315, 21069
21.60003599999618, 289206, 543316, 21076
21.64649300000019, 289207, 543311, 21076
21.708849000002374, 289210, 543307, 21077
21.771070999995572, 289208, 543309, 21081
21.822121999997762, 289206, 543311, 21076
21.883880000001227, 289208, 543314, 21083
21.946359000001394, 289209, 543314, 21085
22.012525999998616, 289211, 543309, 21086
22.06406799999968, 289210, 543310, 21087
22.123100999997405, 289210, 543310, 21087
22.18643499999598, 289209, 543311, 21074
22.246830999996746, 289208, 543309, 21091
22.468778000002203, 289204, 543303, 21093
22.49837999999727, 289204, 543298, 21094
22.5657280000014, 289204, 543295, 21095
22.620958999999857, 289205, 543298, 21095
22.670124999996915, 289205, 543301, 21096
22.738015999995696, 289205, 543303, 21087
22.80667700000049, 289205, 543307, 21094
22.858657999997376, 289204, 543303, 21094
22.913838000000396, 289203, 543299, 21093
22.97419799999625, 289201, 543302, 21093
23.035681000001205, 289201, 543303, 21092
23.104911000002176, 289200, 543306, 21092
23.15327299999626, 289200, 543305, 21091
23.218973999995796, 289201, 543298, 21090
23.275745999999344, 289200, 543302, 21090
23.488477999999304, 289203, 543308, 21087
23.517681999997876, 289205, 543306, 21086
23.565486999999848, 289203, 543301, 21085
23.612851999998384, 289204, 543304, 21083
23.681087999997544, 289204, 543307, 21083
23.754119999997783, 289204, 543309, 21077
23.80759599999874, 289207, 543315, 21082
23.869848000002094, 289208, 543309, 21080
23.9240559999962, 289208, 543311, 21079
23.97980899999675, 289208, 543313, 21077
24.040211999999883, 289207, 543317, 21072
24.100534999997762, 289208, 543323, 21075
24.156990999996196, 289206, 543321, 21074
24.22643799999787, 289206, 543316, 21073
24.281838000002608, 289204, 543320, 21072
24.492829999995593, 289205, 543326, 21069
24.523880000000645, 289203, 543326, 21068
24.591309999996156, 289202, 543321, 21068
24.622363000002224, 289201, 543323, 21064
24.694548999999824, 289199, 543323, 21076
24.752206999997725, 289202, 543324, 21065
24.80834799999866, 289201, 543318, 21065
24.86369299999933, 289202, 543315, 21064
24.927106999995885, 289204, 543318, 21064
24.98917999999685, 289202, 543318, 21066
25.062621999997646, 289202, 543320, 21069
25.107137999999395, 289202, 543322, 21063
25.166657000001578, 289202, 543316, 21062
25.23153199999797, 289202, 543317, 21062
25.282124999997905, 289201, 543318, 21061
25.497637000000395, 289201, 543322, 21062
25.541950999999244, 289201, 543321, 21061
25.581160000001546, 289199, 543321, 21062
25.630160000000615, 289200, 543320, 21063
25.697407999999996, 289200, 543321, 21056
25.761357999996108, 289202, 543322, 21064
25.82087699999829, 289201, 543318, 21063
25.87021100000129, 289201, 543316, 21063
25.93999900000199, 289200, 543318, 21063
25.99708300000202, 289199, 543321, 21065
26.065175999996427, 289197, 543325, 21064
26.111533999996027, 289197, 543321, 21065
26.18256200000178, 289198, 543318, 21065
26.237356999998156, 289197, 543321, 21064
26.29164099999616, 289197, 543323, 21055
26.515981999997166, 289196, 543324, 21068
26.54742399999668, 289198, 543318, 21067
26.590470999995887, 289198, 543320, 21069
26.64731799999572, 289201, 543322, 21063
26.703129000001354, 289202, 543324, 21071
26.76637699999992, 289202, 543318, 21071
26.82904899999994, 289201, 543312, 21071
26.879626000001736, 289198, 543316, 21073
26.947196000000986, 289198, 543316, 21072
27.009540999999444, 289198, 543317, 21074
27.05558000000019, 289197, 543319, 21075
27.121069000000716, 289197, 543315, 21075
27.1894289999982, 289196, 543313, 21076
27.232233999995515, 289197, 543315, 21072
27.296314999999595, 289197, 543318, 21066
27.504008999996586, 289201, 543312, 21076
27.55135899999732, 289201, 543303, 21077
27.584326999996847, 289198, 543305, 21076
27.66696299999603, 289197, 543306, 21089
27.71934599999804, 289197, 543305, 21078
27.779559000002337, 289196, 543299, 21078
27.826852999998664, 289196, 543295, 21078
27.885871999998926, 289196, 543295, 21078
27.967006999999285, 289197, 543296, 21077
28.01444099999935, 289198, 543297, 21080
28.06551500000205, 289197, 543295, 21078
28.131980999998632, 289196, 543288, 21078
28.19031399999949, 289196, 543287, 21078
28.247510000001057, 289196, 543289, 21076
28.474839000002248, 289195, 543293, 21076
28.501310999999987, 289195, 543287, 21073
28.563137999997707, 289193, 543289, 21075
28.628234999996494, 289192, 543288, 21074
28.679158999999345, 289193, 543283, 21074
28.74072499999602, 289193, 543283, 21072
28.814214999998512, 289193, 543284, 21071
28.8642039999977, 289194, 543284, 21059
28.91509799999767, 289196, 543285, 21071
28.98103199999605, 289196, 543281, 21070
29.038594999998168, 289195, 543279, 21070
29.08704900000157, 289193, 543281, 21065
29.15119699999923, 289193, 543282, 21061
29.214969000000565, 289193, 543284, 21066
29.278724999996484, 289193, 543282, 21065
29.489079999999376, 289192, 543284, 21064
29.520182000000204, 289191, 543286, 21060
29.568927000000258, 289192, 543287, 21064
29.620187000000442, 289192, 543283, 21063
29.681249000001117, 289193, 543280, 21063
29.74409999999625, 289191, 543283, 21064
29.810210999996343, 289191, 543286, 21061
29.85621099999844, 289191, 543287, 21059
29.923188000000664, 289192, 543289, 21063
29.98840399999608, 289193, 543285, 21064
30.031582999996317, 289193, 543285, 21063
30.095681999999215, 289193, 543287, 21061
30.15951700000005, 289193, 543290, 21054
30.223371000000043, 289196, 543292, 21062
30.271616999998514, 289197, 543287, 21062
30.486735999998928, 289199, 543289, 21063
30.528708999998344, 289200, 543292, 21072
30.575655000000552, 289200, 543294, 21061
30.627285999995365, 289201, 543289, 21062
30.692748000001302, 289200, 543285, 21062
30.751680000001215, 289199, 543286, 21063
30.808075000000827, 289198, 543287, 21062
30.86453099999926, 289197, 543286, 21067
30.928188999998383, 289196, 543287, 21063
30.979247999996005, 289198, 543280, 21062
31.039888999999675, 289197, 543280, 21061
31.104136000001745, 289195, 543279, 21060
31.16791099999682, 289193, 543279, 21050
31.21809100000246, 289195, 543278, 21062
31.281235000002198, 289196, 543272, 21060
31.504080999999132, 289196, 543271, 21057
31.524687999997695, 289197, 543273, 21046
31.56894900000043, 289199, 543277, 21055
31.63487599999644, 289199, 543275, 21055
31.697613999996975, 289199, 543271, 21054
31.761351000001014, 289198, 543273, 21059
31.823168000002624, 289197, 543277, 21048
31.8791229999988, 289197, 543282, 21054
31.9384080000018, 289195, 543278, 21053
32.00028999999631, 289195, 543274, 21053
32.048523999998, 289194, 543274, 21054
32.11277999999584, 289193, 543276, 21055
32.1766260000004, 289195, 543277, 21052
32.22511200000008, 289194, 543275, 21053
32.28889699999854, 289193, 543270, 21052
32.50108499999624, 289197, 543273, 21052
32.53781799999706, 289197, 543269, 21051
32.58518499999627, 289198, 543266, 21050
32.64508599999681, 289195, 543261, 21051
32.71653299999889, 289197, 543264, 21051
32.77305299999716, 289197, 543264, 21055
32.826670000002196, 289197, 543265, 21061
32.88307699999859, 289196, 543265, 21050
32.94745200000034, 289196, 543260, 21050
32.99938899999688, 289196, 543256, 21050
33.071898000001966, 289195, 543257, 21048
33.12119099999836, 289194, 543258, 21043
33.184980999998515, 289192, 543261, 21049
33.23328699999547, 289190, 543258, 21050
33.29728199999954, 289187, 543254, 21051
33.50650999999925, 289184, 543265, 21051
33.54052399999637, 289185, 543261, 21051
33.59178399999655, 289186, 543258, 21052
33.653770999997505, 289186, 543254, 21052
33.71323999999731, 289185, 543254, 21051
33.768945999996504, 289185, 543255, 21053
33.83813999999984, 289184, 543256, 21059
33.891662000001816, 289183, 543257, 21053
33.943717000001925, 289182, 543251, 21053
34.008717999997316, 289184, 543248, 21054
34.07365299999947, 289185, 543250, 21054
34.129517000001215, 289183, 543253, 21044
34.17830800000229, 289185, 543256, 21054
34.242237999998906, 289186, 543250, 21053
34.4707550000021, 289182, 543247, 21054
34.50131999999576, 289182, 543243, 21053
34.56953500000236, 289181, 543243, 21054
34.61290200000076, 289179, 543243, 21055
34.67998699999589, 289179, 543244, 21047
34.7422729999962, 289181, 543246, 21054
34.80224299999827, 289182, 543242, 21054
34.86381699999765, 289182, 543238, 21053
34.91427400000248, 289181, 543241, 21054
34.97825300000113, 289182, 543242, 21049
35.042138999997405, 289183, 543242, 21052
35.090548000000126, 289181, 543237, 21052
35.154671999996935, 289180, 543233, 21052
35.21828999999707, 289178, 543236, 21052
35.26687200000015, 289176, 543238, 21052
35.49047699999937, 289174, 543241, 21049
35.52756699999736, 289175, 543235, 21050
35.5714949999965, 289176, 543237, 21048
35.629780999996, 289177, 543237, 21048
35.6958089999971, 289180, 543239, 21046
35.74727200000052, 289179, 543238, 21047
35.82669499999611, 289179, 543231, 21047
35.86182199999894, 289179, 543232, 21045
35.928350000001956, 289177, 543234, 21049
35.98681499999657, 289176, 543235, 21030
36.03531500000099, 289174, 543236, 21044
36.099372999997286, 289176, 543231, 21043
36.16308299999946, 289177, 543227, 21043
36.22718000000168, 289177, 543229, 21041
36.275519999995595, 289177, 543231, 21043
36.49366700000246, 289175, 543230, 21040
36.53279599999951, 289175, 543222, 21040
36.58705399999599, 289177, 543224, 21039
36.63426400000026, 289178, 543225, 21035
36.6917620000022, 289181, 543228, 21040
36.76140499999747, 289181, 543225, 21040
36.811869999997725, 289180, 543220, 21040
36.86808200000087, 289179, 543223, 21039
36.93318300000101, 289180, 543224, 21035
36.98191499999666, 289178, 543225, 21044
37.04403699999966, 289179, 543227, 21036
37.107683000002, 289177, 543222, 21037
37.1715949999998, 289178, 543218, 21037
37.22033499999816, 289179, 543221, 21037
37.283941000001505, 289178, 543222, 21028
37.503742000000784, 289177, 543222, 21034
37.540320000000065, 289177, 543216, 21032
37.584640000000945, 289177, 543217, 21034
37.64060299999983, 289179, 543218, 21025
37.70432599999913, 289180, 543220, 21032
37.75134000000253, 289178, 543214, 21032
37.81933900000149, 289177, 543211, 21034
37.876798999997845, 289176, 543214, 21032
37.95837200000096, 289174, 543217, 21029
37.99238499999774, 289175, 543219, 21032
38.05568299999868, 289176, 543216, 21033
38.117693000000145, 289176, 543212, 21033
38.18028699999559, 289177, 543213, 21033
38.22928999999567, 289178, 543216, 21032
38.2925499999983, 289176, 543217, 21037
38.50729899999715, 289175, 543215, 21037
38.549691000000166, 289175, 543211, 21037
38.58564099999785, 289175, 543213, 21039
38.65489600000001, 289177, 543215, 21039
38.7108969999972, 289177, 543216, 21042
38.77671499999997, 289177, 543210, 21042
38.82914499999606, 289175, 543212, 21042
38.88921200000186, 289177, 543213, 21038
38.95261899999605, 289176, 543214, 21054
39.05043599999772, 289177, 543213, 21046
39.09263600000122, 289175, 543208, 21047
39.126077000000805, 289174, 543204, 21048
39.18896700000187, 289173, 543202, 21046
39.237669000001915, 289171, 543203, 21057
39.46271600000182, 289166, 543198, 21054
39.493218999996316, 289167, 543200, 21059
39.5621850000025, 289168, 543202, 21055
39.62116299999616, 289169, 543196, 21056
39.672458000000915, 289169, 543196, 21057
39.739589999997406, 289169, 543197, 21059
39.804353999999876, 289167, 543198, 21057
39.864016999999876, 289171, 543198, 21060
39.91381399999955, 289172, 543192, 21060
39.97383499999705, 289172, 543186, 21060
40.03750500000024, 289172, 543188, 21062
40.10369599999831, 289171, 543189, 21062
40.14991100000043, 289173, 543188, 21060
40.213778999997885, 289173, 543183, 21061
40.2776440000016, 289172, 543179, 21061
40.48642799999652, 289170, 543185, 21061
40.52308500000072, 289171, 543182, 21060
40.566251999996894, 289171, 543175, 21060
40.630739000000176, 289169, 543172, 21060
40.679691999997885, 289169, 543175, 21060
40.74926399999822, 289171, 543177, 21064
40.81231000000116, 289171, 543181, 21059
40.870553000000655, 289171, 543175, 21057
40.91798600000038, 289170, 543170, 21057
40.98352799999702, 289169, 543174, 21057
41.0460299999977, 289167, 543176, 21059
41.10983000000124, 289165, 543179, 21051
41.15854499999841, 289164, 543183, 21058
41.22238500000094, 289163, 543178, 21059
41.286638999998104, 289164, 543179, 21060
41.50871100000222, 289164, 543187, 21062
41.53197799999907, 289165, 543183, 21062
41.5804300000018, 289165, 543178, 21064
41.63901700000133, 289164, 543177, 21064
41.69195899999613, 289162, 543178, 21066
41.75282799999695, 289161, 543180, 21065
41.81702000000223, 289162, 543181, 21066
41.889170000002196, 289159, 543176, 21067
41.94084499999735, 289160, 543172, 21068
41.99200099999871, 289158, 543174, 21069
42.0549319999991, 289159, 543176, 21066
42.11848800000007, 289159, 543175, 21070
42.166857999996864, 289159, 543170, 21070
42.230718999999226, 289158, 543166, 21071
42.29459599999973, 289157, 543168, 21072
42.504368000001705, 289157, 543173, 21074
42.56667500000185, 289157, 543168, 21074
42.58642500000133, 289155, 543163, 21075
42.651381999996374, 289151, 543165, 21076
42.7090029999963, 289152, 543168, 21076
42.76287600000069, 289152, 543169, 21083
42.83133100000123, 289152, 543171, 21076
42.872560999996495, 289152, 543165, 21078
42.9360899999956, 289152, 543162, 21077
43.00122499999998, 289151, 543163, 21077
43.06573199999548, 289152, 543166, 21087
43.111770999996224, 289157, 543169, 21076
43.175460999998904, 289157, 543163, 21077
43.23954099999537, 289157, 543156, 21077
43.46413500000199, 289157, 543163, 21075
43.495458999997936, 289156, 543163, 21076
43.560755999998946, 289155, 543166, 21076
43.61546200000157, 289155, 543166, 21069
43.68187699999544, 289155, 543170, 21075
43.73543699999573, 289153, 543165, 21076
43.788056999997934, 289153, 543161, 21076
43.84897800000181, 289153, 543163, 21077
43.91833100000076, 289152, 543165, 21078
43.96316999999544, 289152, 543167, 21076
44.029999999998836, 289152, 543167, 21076
44.087783999995736, 289151, 543162, 21075
44.15164899999945, 289149, 543161, 21075
44.20025000000169, 289150, 543162, 21077
44.26436200000171, 289150, 543162, 21071
44.478447000001324, 289144, 543158, 21074
44.50613699999667, 289144, 543153, 21074
44.55238799999643, 289143, 543155, 21076
44.618915999999444, 289144, 543157, 21075
44.683619999996154, 289143, 543157, 21072
44.73275299999659, 289144, 543151, 21072
44.79253400000016, 289144, 543148, 21072
44.857405999995535, 289145, 543150, 21073
44.927403000001505, 289145, 543152, 21068
44.9685759999993, 289144, 543155, 21071
45.032782000002044, 289144, 543151, 21072
45.0964329999988, 289143, 543148, 21071
45.14451299999928, 289144, 543150, 21071
45.20856099999946, 289144, 543152, 21071
45.2725219999993, 289144, 543155, 21067
45.4849269999977, 289143, 543151, 21070
45.522487000002, 289144, 543144, 21068
45.56247599999915, 289142, 543146, 21070
45.62585699999909, 289143, 543147, 21078
45.69299199999659, 289144, 543151, 21067
45.74375200000213, 289144, 543147, 21065
45.80310399999871, 289144, 543146, 21065
45.8534079999954, 289143, 543147, 21063
45.91667700000107, 289144, 543150, 21055
45.97715700000117, 289143, 543152, 21062
46.04093099999591, 289144, 543148, 21063
46.08968900000036, 289144, 543144, 21063
46.15326600000117, 289143, 543146, 21062
46.217295000002196, 289141, 543148, 21063
46.281043999995745, 289138, 543150, 21061
46.490075000001525, 289135, 543145, 21059
46.52359499999875, 289135, 543141, 21066
46.57271999999648, 289135, 543144, 21059
46.62000099999568, 289136, 543146, 21058
46.68387899999652, 289136, 543145, 21060
46.74745999999868, 289136, 543141, 21059
46.81616000000213, 289136, 543142, 21059
46.85905600000115, 289135, 543144, 21057
46.93401499999891, 289134, 543143, 21062
46.985634999997274, 289136, 543142, 21058
47.03381999999692, 289135, 543135, 21058
47.097930999996606, 289136, 543131, 21058
47.16194199999882, 289137, 543132, 21057
47.22556800000166, 289138, 543133, 21058
47.27410999999847, 289139, 543133, 21057
47.49580599999899, 289141, 543127, 21058
47.5306849999979, 289140, 543119, 21065
47.5621439999959, 289139, 543120, 21058
47.62856699999975, 289134, 543122, 21060
47.69111999999586, 289133, 543123, 21060
47.7631160000019, 289133, 543118, 21062
47.80651399999624, 289134, 543119, 21063
47.866791000000376, 289134, 543122, 21063
47.93034400000033, 289132, 543123, 21063
47.97836599999573, 289132, 543124, 21066
48.042600000000675, 289132, 543117, 21068
48.10653099999763, 289132, 543113, 21070
48.17012999999861, 289131, 543115, 21072
48.21880699999747, 289129, 543117, 21071
48.282687999999325, 289127, 543118, 21075
48.494472999998834, 289128, 543112, 21079
48.52890699999989, 289127, 543106, 21080
48.58551399999851, 289127, 543108, 21081
48.648097999997844, 289125, 543110, 21086
48.69918299999699, 289126, 543104, 21087
48.74819199999911, 289125, 543098, 21089
48.81490099999792, 289125, 543097, 21091
48.875261000001046, 289124, 543097, 21095
48.940560999995796, 289121, 543096, 21096
48.99285599999712, 289121, 543094, 21097
49.05423300000257, 289120, 543088, 21101
49.11549399999785, 289120, 543088, 21101
49.17885599999863, 289119, 543089, 21106
49.227538999999524, 289117, 543089, 21095
49.2913619999963, 289128, 543090, 21107
49.51526400000148, 289183, 543084, 21112
49.54858999999851, 289216, 543083, 21115
49.595689000001585, 289305, 543081, 21114
49.647510999995575, 289366, 543077, 21114
49.715540999997756, 289442, 543071, 21114
49.77297700000054, 289530, 543069, 21115
49.83612400000129, 289628, 543068, 21118
49.891279999996186, 289741, 543069, 21111
49.95200599999953, 290014, 543070, 21114
50.011399999995774, 290168, 543065, 21113
50.05998700000055, 290339, 543066, 21114
50.12379900000087, 290526, 543069, 21113
50.18752500000119, 290728, 543071, 21120
50.23601999999664, 291180, 543076, 21114
50.46664900000178, 292265, 543080, 21116
50.507613000001584, 292576, 543082, 21116
50.5739539999995, 292897, 543081, 21118
50.620451000002504, 293234, 543085, 21117
50.684509999999136, 293587, 543089, 21120
50.73328899999615, 293952, 543092, 21113
50.79996499999834, 294735, 543096, 21119
50.860906000001705, 295153, 543093, 21119
50.92404700000043, 295578, 543090, 21121
50.972304999995686, 296014, 543091, 21122
51.03630500000145, 296465, 543089, 21125
51.10008099999686, 297417, 543087, 21122
51.14895099999558, 297920, 543080, 21122
51.21265300000232, 298425, 543072, 21124
51.2762819999989, 298942, 543068, 21125
51.48569000000134, 301164, 543049, 21126
51.51696799999627, 301752, 543039, 21127
51.56659799999761, 302354, 543028, 21127
51.62866000000213, 302963, 543021, 21127
51.685152999998536, 303585, 543015, 21124
51.74638299999788, 304220, 543008, 21137
51.80817299999762, 305444, 542994, 21128
51.856912999995984, 305946, 542981, 21129
51.92838699999993, 306508, 542971, 21128
51.98321299999952, 307093, 542964, 21129
52.047302999999374, 307664, 542957, 21127
52.097749000000476, 308918, 542945, 21128
52.157061999998405, 309584, 542934, 21128
52.220783999997366, 310320, 542922, 21128
52.26947199999995, 311051, 542919, 21128
52.502505999997084, 313942, 542906, 21126
52.528933000001416, 314675, 542902, 21125
52.57660799999576, 315415, 542896, 21125
52.6272719999979, 316158, 542897, 21125
52.694777999997314, 316896, 542897, 21124
52.86448599999858, 317641, 542897, 21134
52.894969000000856, 319125, 542896, 21123
52.94116699999722, 319866, 542888, 21122
52.9770239999998, 320607, 542881, 21123
53.00568499999645, 321345, 542885, 21121
53.03768100000161, 322080, 542887, 21121
53.10153800000262, 323542, 542890, 21122
53.16538600000058, 324272, 542884, 21120
53.229310999995505, 324991, 542881, 21120
53.27793599999859, 325703, 542882, 21120
53.495913999999175, 328526, 542887, 21118
53.534028000001854, 329229, 542884, 21118
53.57621400000062, 329920, 542880, 21119
53.63426199999958, 330598, 542881, 21118
53.69577600000048, 331273, 542884, 21117
53.75909700000193, 331945, 542886, 21113
53.80955900000117, 333288, 542887, 21117
53.87021100000129, 333942, 542880, 21118
53.93382600000041, 334590, 542879, 21117
53.98243899999943, 335239, 542880, 21117
54.04625999999553, 335919, 542881, 21118
54.1099400000021, 337188, 542883, 21116
54.173863999996684, 337807, 542878, 21116
54.22269999999844, 338426, 542872, 21117
54.28629499999806, 339069, 542876, 21114
54.503138000000035, 341487, 542878, 21115
54.53350800000044, 342077, 542872, 21115
54.5833300000013, 342665, 542867, 21114
54.65113500000007, 343254, 542866, 21115
54.70828800000163, 343836, 542867, 21111
54.75798599999689, 344414, 542865, 21120
54.818162999996275, 345560, 542863, 21112
54.879000000000815, 346130, 542857, 21112
54.942965000002005, 346699, 542856, 21111
54.991432999995595, 347261, 542856, 21110
55.054683000002115, 347817, 542855, 21121
55.1187460000001, 348918, 542853, 21110
55.18255099999806, 349466, 542846, 21110
55.231142999997246, 350010, 542845, 21109
55.46507299999939, 352141, 542845, 21108
55.50488000000041, 352662, 542837, 21107
55.5533809999979, 353178, 542837, 21107
55.62010200000077, 354214, 542836, 21105
55.66657100000157, 354732, 542831, 21105
55.73625899999752, 355242, 542827, 21104
55.807263999995484, 355745, 542829, 21104
55.84711399999651, 356245, 542829, 21101
55.91254199999821, 356744, 542830, 21091
55.970298000000184, 357729, 542826, 21100
56.03119599999627, 358218, 542820, 21100
56.07965500000137, 358705, 542816, 21099
56.14349100000254, 359187, 542816, 21098
56.20727700000134, 359668, 542815, 21096
56.27124699999695, 360609, 542812, 21096
56.480953999998746, 361992, 542802, 21093
56.51432399999612, 362450, 542797, 21099
56.559894999998505, 362899, 542797, 21087
56.611503000000084, 363799, 542794, 21090
56.676588000002084, 364242, 542791, 21090
56.739252999999735, 364684, 542785, 21088
56.801133000000846, 365115, 542785, 21088
56.85414299999684, 365544, 542783, 21088
56.91329599999881, 365971, 542782, 21100
56.975854999996955, 366820, 542779, 21086
57.024430999998, 367239, 542774, 21085
57.08825500000239, 367657, 542771, 21085
57.15215000000171, 368068, 542769, 21085
57.215862999997626, 368481, 542767, 21089
57.26432100000238, 369307, 542765, 21083
57.480664000002434, 370496, 542750, 21080
57.520559999997204, 370885, 542745, 21075
57.56938100000116, 371272, 542747, 21083
57.62498400000186, 372057, 542745, 21077
57.69495800000004, 372447, 542737, 21076
57.74711899999966, 372836, 542732, 21076
57.79524500000116, 373217, 542732, 21075
57.8635129999966, 373595, 542730, 21076
57.9207000000024, 373963, 542731, 21060
57.96874299999763, 374685, 542725, 21073
58.0326750000022, 375044, 542717, 21072
58.09689999999682, 375408, 542712, 21071
58.14545799999905, 375766, 542709, 21070
58.209358000000066, 376125, 542707, 21072
58.27285100000154, 376836, 542702, 21069
58.48273899999913, 377881, 542686, 21066
58.512886999997136, 378214, 542683, 21061
58.56413600000087, 378547, 542682, 21060
58.62842699999601, 379210, 542677, 21061
58.68998499999725, 379546, 542670, 21059
58.75390999999945, 379878, 542664, 21059
58.81017499999871, 380205, 542662, 21057
58.8869560000021, 380531, 542662, 21056
58.92039300000033, 380852, 542663, 21059
58.986424999995506, 381482, 542658, 21052
59.04187400000228, 381792, 542652, 21053
59.10501800000202, 382103, 542650, 21049
59.153377000002365, 382413, 542649, 21049
59.21756599999935, 382716, 542647, 21056
59.28104899999744, 383321, 542643, 21046
59.490419000001566, 384212, 542628, 21043
59.524900999997044, 384504, 542626, 21034
59.57856499999616, 384797, 542621, 21047
59.63546700000006, 385374, 542614, 21039
59.68850499999826, 385658, 542609, 21038
59.74565399999847, 385939, 542605, 21036
59.812072000000626, 386217, 542604, 21034
59.88501499999984, 386087, 542599, 21032
59.944015000000945, 386898, 542594, 21031
59.99354499999754, 387492, 542583, 21027
60.04983699999866, 388347, 542572, 21024
60.09833500000241, 389553, 542571, 21018
60.1620980000007, 390778, 542566, 21015
60.22586700000102, 391084, 542559, 21008
60.27667900000233, 391118, 542541, 21003
60.5489779999989, 391271, 542504, 20993
60.593802999996115, 391496, 542493, 20988
60.62917400000151, 391883, 542485, 20985
60.66777500000171, 392510, 542463, 20984
60.70245799999975, 392787, 542454, 20981
60.77652300000045, 392978, 542446, 20979
60.81937499999913, 393059, 542437, 20981
60.88937900000019, 392961, 542430, 20973
60.935985999996774, 392878, 542415, 20969
61.00525699999707, 392930, 542399, 20967
61.061651999996684, 392979, 542391, 20964
61.11680499999784, 393007, 542388, 20959
61.181359000001976, 393028, 542383, 20944
61.23504099999991, 393021, 542373, 20947
61.542428000000655, 392932, 542352, 20929
61.64634300000034, 392922, 542346, 20926
61.66947999999684, 392919, 542338, 20922
61.70440499999677, 392914, 542337, 20920
61.731541000001016, 392913, 542335, 20916
61.77498799999739, 392914, 542334, 20919
61.820738000002166, 392918, 542327, 20911
61.846669999998994, 392920, 542322, 20909
61.91099199999735, 392923, 542320, 20908
61.986948999998276, 392923, 542320, 20907
62.019507999997586, 392923, 542317, 20908
62.08345399999962, 392930, 542310, 20901
62.14715299999807, 392933, 542301, 20900
62.243194000002404, 392937, 542294, 20898
62.27547200000117, 392940, 542293, 20897
62.484747000002244, 392965, 542284, 20893
62.5175059999965, 392968, 542278, 20895
62.56446000000142, 392972, 542273, 20893
62.61566999999923, 392974, 542272, 20893
62.67569399999775, 392975, 542271, 20892
62.74377799999638, 392977, 542271, 20889
62.80116199999611, 392974, 542269, 20889
62.855232000001706, 392973, 542263, 20888
62.92096799999854, 392969, 542262, 20885
62.98780899999838, 392963, 542260, 20887
63.02872000000207, 392959, 542258, 20878
63.09177500000078, 392950, 542257, 20880
63.203528999998525, 392945, 542253, 20879
63.23619999999937, 392940, 542248, 20877
63.26781699999992, 392933, 542240, 20874
63.48120799999742, 392924, 542234, 20869
63.59171100000094, 392919, 542229, 20866
63.648300000000745, 392911, 542224, 20865
63.67230500000005, 392901, 542219, 20861
63.70662900000025, 392896, 542217, 20864
63.76233499999944, 392874, 542206, 20860
63.79943500000081, 392849, 542198, 20859
63.872277000002214, 392822, 542189, 20857
63.930976999996346, 392790, 542184, 20856
63.978415999998106, 392756, 542180, 20856
64.08422099999734, 392721, 542177, 20857
64.11635599999863, 392651, 542170, 20851
64.16391699999804, 392628, 542159, 20849
64.21233999999822, 392606, 542154, 20845
64.67674299999635, 392585, 542152, 20843
64.82089699999779, 392491, 542149, 20825
64.85754499999894, 392425, 542148, 20821
64.89619400000083, 392364, 542144, 20819
64.93394499999704, 392319, 542139, 20814
64.95348999999987, 392290, 542133, 20808
64.9997549999971, 392244, 542117, 20806
65.02964100000099, 392210, 542099, 20802
65.068508999997, 392173, 542083, 20799
65.09965199999715, 392134, 542072, 20796
65.18224799999734, 392115, 542062, 20784
65.20839500000147, 392081, 542032, 20786
65.24017900000035, 392046, 542019, 20783
65.27916299999924, 392001, 542004, 20781
65.31019799999922, 391945, 541995, 20779
65.34894499999791, 391893, 541988, 20776
65.49617900000158, 391720, 541955, 20764
65.53673300000082, 391684, 541944, 20763
65.57459199999721, 391653, 541939, 20763
65.6425870000021, 391612, 541935, 20763
65.70523400000093, 391542, 541924, 20754
65.75432600000204, 391511, 541918, 20752
65.81319000000076, 391467, 541909, 20750
65.91017999999895, 391409, 541905, 20747
67.75047500000073, 391339, 541900, 20746
67.78289100000256, 391232, 541887, 20741
67.83016700000007, 391204, 541880, 20739
67.86227900000085, 391188, 541862, 20737
67.8944130000018, 391179, 541858, 20735
67.92643400000088, 391175, 541854, 20732
68.07084600000235, 390990, 541836, 20728
68.10868699999992, 390928, 541832, 20724
68.13757500000065, 390798, 541822, 20725
68.1824110000016, 390733, 541818, 20722
68.23972499999945, 390673, 541812, 20720
68.25095599999622, 390617, 541807, 20716
68.28119699999661, 390553, 541801, 20713
68.31925699999556, 390401, 541782, 20709
68.35912400000234, 390328, 541772, 20709
68.3911619999999, 390264, 541763, 20707
68.4376209999973, 390218, 541754, 20705
68.45474899999681, 390172, 541745, 20702
68.4933349999992, 390158, 541737, 20706
68.58311200000026, 389265, 541674, 20681
68.61529499999597, 389205, 541666, 20679
68.66413099999772, 389145, 541660, 20678
68.69487300000037, 389096, 541653, 20678
68.72773400000005, 389041, 541651, 20671
68.75930499999959, 389002, 541653, 20674
68.80679000000237, 388928, 541654, 20672
68.83895800000028, 388864, 541649, 20670
68.9749410000004, 388469, 541637, 20667
69.0193569999974, 388469, 541637, 20667
69.05320599999686, 388279, 541631, 20665
69.08529899999849, 388200, 541623, 20665
69.12025600000197, 388122, 541621, 20664
69.15945500000089, 388055, 541620, 20664
69.2031599999973, 388005, 541619, 20662
69.22797899999568, 387899, 541614, 20663
69.25784700000077, 387854, 541612, 20663
69.30044900000212, 387806, 541608, 20662
69.34599899999739, 387751, 541606, 20662
69.36809999999969, 387673, 541602, 20660
69.40152099999978, 387494, 541589, 20662
69.43383699999686, 387444, 541583, 20664
69.47393100000045, 387373, 541579, 20663
69.6086759999962, 387092, 541552, 20656
69.65112599999702, 387019, 541546, 20655
69.69597000000067, 386963, 541539, 20651
69.72478899999987, 386914, 541530, 20649
69.7522239999962, 386869, 541525, 20646
69.7890699999989, 386830, 541520, 20643
69.8240220000007, 386790, 541516, 20638
69.86499100000219, 386707, 541504, 20634
69.92750900000101, 386664, 541494, 20631
69.97798099999636, 386617, 541487, 20628
70.04724200000055, 386575, 541483, 20625
70.10738799999672, 386513, 541479, 20619
70.16760799999611, 386354, 541473, 20621
70.21628000000055, 386269, 541464, 20618
70.27987399999984, 386174, 541456, 20616
70.50069200000144, 385826, 541443, 20605
70.53765199999907, 385751, 541436, 20604
70.57336199999554, 385686, 541431, 20603
70.63286199999857, 385625, 541423, 20602
70.69641299999785, 385564, 541419, 20600
70.74564300000202, 385506, 541410, 20600
70.81267099999968, 385447, 541403, 20603
70.87577800000145, 385320, 541383, 20600
70.92738300000201, 385258, 541370, 20599
70.9851439999984, 385200, 541358, 20600
71.04843699999765, 385145, 541349, 20599
71.11222299999645, 385087, 541340, 20603
71.16133499999705, 384977, 541324, 20597
71.22445799999696, 384913, 541312, 20597
71.28829599999881, 384847, 541300, 20595
71.49679599999945, 384651, 541280, 20585
71.53488800000196, 384607, 541272, 20582
71.58275599999615, 384568, 541263, 20579
71.64045700000133, 384530, 541255, 20576
71.69541000000027, 384484, 541250, 20572
71.75338000000193, 384448, 541247, 20571
71.82118199999968, 384315, 541237, 20570
71.869283, 384249, 541231, 20566
71.93630899999698, 384189, 541221, 20565
72.0030540000007, 384113, 541213, 20564
72.05685899999662, 384033, 541205, 20562
72.1051759999973, 383948, 541196, 20553
72.16907599999831, 383778, 541172, 20555
72.23300500000187, 383704, 541150, 20551
72.2818599999955, 383627, 541129, 20547
72.51180700000259, 383344, 541047, 20535
72.54342399999587, 383277, 541017, 20533
72.59407099999953, 383215, 540987, 20529
72.63350899999932, 383148, 540957, 20527
72.70468199999596, 383080, 540927, 20521
72.76188199999888, 383015, 540898, 20526
72.81219299999793, 382891, 540837, 20515
72.88400499999989, 382825, 540805, 20512
72.94039199999679, 382762, 540771, 20511
73.00202600000193, 382691, 540743, 20509
73.04986199999985, 382615, 540717, 20506
73.1140630000009, 382538, 540690, 20517
73.17759900000237, 382367, 540641, 20503
73.22583199999644, 382281, 540614, 20499
73.29007999999885, 382194, 540590, 20498
73.5003979999965, 381853, 540525, 20490
73.54895199999737, 381768, 540507, 20489
73.62333499999659, 381680, 540490, 20487
73.65167700000165, 381593, 540473, 20485
73.73871800000052, 381509, 540459, 20483
73.77557399999932, 381427, 540444, 20474
73.81810099999711, 381271, 540413, 20479
73.89769499999966, 381196, 540392, 20478
73.94812100000127, 381126, 540370, 20477
74.01097699999809, 381067, 540354, 20475
74.05831500000204, 381015, 540341, 20477
74.1224910000019, 380907, 540314, 20472
74.18824599999789, 380856, 540299, 20471
74.23484299999836, 380806, 540287, 20471
74.29875399999582, 380755, 540280, 20469
74.50942100000248, 380509, 540253, 20463
74.55485600000247, 380447, 540243, 20462
74.58942099999695, 380384, 540232, 20460
74.65766900000017, 380322, 540226, 20459
74.72357100000227, 380253, 540218, 20459
74.7899350000007, 380118, 540202, 20453
74.82788599999913, 380048, 540193, 20454
74.90443299999606, 379986, 540181, 20452
74.95462899999984, 379935, 540175, 20451
75.00574200000119, 379881, 540171, 20449
75.06703600000037, 379830, 540165, 20460
75.13073099999747, 379723, 540156, 20448
75.19458999999915, 379655, 540148, 20447
75.24408599999879, 379577, 540139, 20446
75.30711000000156, 379499, 540136, 20447
75.52817900000082, 379245, 540128, 20447
75.55107399999542, 379193, 540124, 20449
75.59821699999884, 379145, 540122, 20447
75.66131199999654, 379108, 540126, 20449
75.72394599999825, 379074, 540128, 20457
75.77440499999648, 378993, 540133, 20451
75.83615699999791, 378941, 540133, 20448
75.89959599999565, 378886, 540130, 20447
76.01282499999797, 378808, 540129, 20446
76.06030299999838, 378719, 540125, 20444
76.66822700000193, 378639, 540121, 20445
76.7961559999967, 378508, 540092, 20442
76.82790699999896, 378451, 540081, 20442
76.86017400000128, 378390, 540073, 20443
76.89268199999788, 378329, 540064, 20444
77.04763100000127, 378127, 540035, 20445
77.07588399999804, 378082, 540029, 20446
77.1162919999988, 378036, 540025, 20447
77.15158700000029, 377988, 540023, 20452
77.18198999999731, 377931, 540020, 20457
77.21465299999545, 377776, 540012, 20450
77.25557599999593, 377698, 540007, 20450
77.29393600000185, 377627, 540005, 20452
77.3287399999972, 377570, 540002, 20453
77.35851299999922, 377514, 539996, 20454
77.39393500000006, 377417, 539995, 20461
77.43176900000253, 377364, 539997, 20463
77.46845899999607, 377319, 539995, 20465
77.50236500000028, 377286, 539995, 20466
77.64727399999538, 377124, 540006, 20469
77.68435599999793, 377048, 540002, 20471
77.7104709999985, 376961, 540001, 20469
77.74356899999839, 376800, 539990, 20468
77.77989199999865, 376725, 539981, 20469
77.8485589999982, 376653, 539971, 20469
77.8765179999973, 376585, 539969, 20470
77.90690999999788, 376534, 539965, 20471
77.93377399999736, 376490, 539957, 20464
78.01366099999723, 376411, 539944, 20476
78.06209099999978, 376359, 539937, 20477
78.1115490000011, 376306, 539933, 20477
78.17394000000058, 376254, 539932, 20482
78.22101599999587, 376206, 539932, 20494
78.28492600000027, 376126, 539930, 20481
78.49508899999637, 375969, 539921, 20484
78.52736300000106, 375894, 539918, 20474
78.59636699999828, 375809, 539917, 20479
78.63690599999973, 375661, 539912, 20487
78.70198600000003, 375600, 539906, 20487
78.74910100000125, 375546, 539898, 20487
78.82304699999804, 375505, 539895, 20490
78.88183500000014, 375473, 539893, 20487
78.9457889999976, 375421, 539890, 20491
78.99736799999664, 375385, 539884, 20495
79.0535000000018, 375339, 539880, 20495
79.11722899999586, 375288, 539880, 20495
79.18189600000187, 375235, 539881, 20498
79.230392999998, 375133, 539883, 20498
79.29347199999756, 375075, 539883, 20502
79.50307700000121, 374844, 539880, 20505
79.54757999999856, 374773, 539880, 20500
79.77389699999912, 374628, 539866, 20506
79.80574999999953, 374558, 539852, 20507
79.84043199999724, 374488, 539841, 20507
79.87250299999869, 374423, 539827, 20509
79.90563100000145, 374367, 539824, 20508
79.95023299999593, 374322, 539819, 20511
79.98559199999727, 374256, 539803, 20509
80.01731399999699, 374236, 539792, 20510
80.07258500000171, 374220, 539783, 20511
80.11025599999994, 374184, 539779, 20510
80.17405999999755, 374138, 539775, 20512
80.23885300000256, 374018, 539764, 20509
80.3018149999989, 373947, 539756, 20510
80.51345399999991, 373747, 539742, 20511
80.56098199999542, 373683, 539738, 20514
80.59009700000024, 373537, 539730, 20513
80.65628199999628, 373464, 539723, 20513
80.70235200000025, 373392, 539714, 20514
80.7707339999979, 373323, 539711, 20514
80.83667799999967, 373255, 539704, 20514
82.63972600000125, 373193, 539701, 20519
82.67310899999575, 373076, 539694, 20515
82.71942300000228, 373021, 539690, 20517
82.75146400000085, 372968, 539686, 20517
82.78358299999672, 372916, 539684, 20516
82.81598200000008, 372864, 539682, 20533
82.84831799999665, 372761, 539679, 20524
82.89551499999652, 372715, 539678, 20524
83.02557199999865, 372602, 539675, 20524
83.07534599999781, 372566, 539676, 20518
83.10418299999583, 372481, 539677, 20527
83.14523299999564, 372438, 539675, 20525
83.18607299999712, 372394, 539676, 20526
83.21484200000123, 372341, 539676, 20529
83.25395500000013, 372290, 539680, 20523
83.28874899999937, 372183, 539682, 20528
83.31384299999627, 372127, 539681, 20529
83.36058200000116, 372070, 539679, 20529
83.38506699999562, 372002, 539679, 20531
83.6034209999998, 371044, 539576, 20540
83.65770199999679, 370985, 539571, 20542
83.67620100000204, 370930, 539570, 20543
83.71157600000151, 370871, 539569, 20545
83.74403599999641, 370743, 539567, 20550
83.7889920000016, 370674, 539566, 20546
83.81213600000046, 370605, 539560, 20546
83.95204699999886, 370348, 539549, 20544
83.99573599999712, 370286, 539541, 20544
84.02345600000262, 370224, 539537, 20543
84.07122099999833, 370170, 539528, 20544
84.11557899999752, 370121, 539523, 20544
84.13141799999721, 370074, 539518, 20542
84.1686669999981, 370033, 539513, 20531
84.20706000000064, 369968, 539503, 20539
84.2278989999977, 369933, 539492, 20539
84.27261500000168, 369889, 539485, 20538
84.3056099999958, 369831, 539483, 20538
84.34612399999605, 369769, 539479, 20535
84.37630799999897, 369642, 539473, 20534
84.40054599999712, 369580, 539467, 20533
84.63315399999556, 369347, 539457, 20530
84.65945500000089, 369297, 539445, 20531
84.69050399999833, 369245, 539432, 20529
84.72840500000166, 369188, 539431, 20527
84.76738599999953, 369131, 539422, 20534
84.80237399999896, 369022, 539415, 20525
84.83608699999604, 368972, 539406, 20523
84.86639399999694, 368921, 539398, 20521
84.93557899999723, 368874, 539391, 20517
84.99388799999724, 368830, 539383, 20520
85.05356799999572, 368790, 539374, 20518
85.10777799999778, 368705, 539349, 20507
85.16959700000007, 368651, 539329, 20504
85.22237899999891, 368589, 539311, 20502
85.28557100000035, 368523, 539295, 20498
85.51565899999696, 368273, 539237, 20495
85.53750199999922, 368220, 539225, 20493
85.58382800000254, 368175, 539214, 20492
85.63992499999586, 368142, 539203, 20493
85.70091900000261, 368099, 539191, 20475
85.76312699999835, 368014, 539172, 20489
85.81589199999871, 367970, 539162, 20487
85.87788999999611, 367924, 539152, 20486
85.95284700000047, 367880, 539149, 20480
86.00120700000116, 367831, 539147, 20480
86.04966699999932, 367723, 539139, 20486
86.11364899999899, 367654, 539131, 20485
86.17761099999916, 367576, 539121, 20485
86.2261010000002, 367496, 539116, 20482
86.28985599999578, 367430, 539111, 20487
86.4981140000018, 367226, 539089, 20486
86.53051899999991, 367181, 539081, 20486
86.57827800000086, 367136, 539079, 20483
86.64219400000002, 367093, 539077, 20486
86.70582599999761, 367033, 539077, 20485
86.76966299999913, 367008, 539073, 20486
86.81896899999992, 366975, 539069, 20485
86.88332899999659, 366929, 539068, 20485
86.94584100000066, 366863, 539069, 20481
86.99439700000221, 366780, 539071, 20481
87.05840399999579, 366616, 539067, 20480
87.12203399999999, 366535, 539060, 20478
87.1709039999987, 366477, 539054, 20478
87.23423799999728, 366412, 539052, 20478
87.45887799999764, 366111, 539036, 20471
87.49140700000135, 366052, 539021, 20473
87.55448400000023, 366002, 539018, 20474
87.61815699999715, 365970, 539009, 20472
87.66707399999723, 365963, 538996, 20473
87.73043299999699, 365936, 538990, 20472
87.79428000000189, 365895, 538988, 20474
87.84286900000006, 365843, 538986, 20479
87.9067819999982, 365725, 538981, 20473
87.97073599999567, 365656, 538974, 20472
88.03440499999851, 365590, 538965, 20473
88.08271599999716, 365533, 538960, 20474
88.14730899999995, 365473, 538955, 20473
88.2105109999975, 365409, 538951, 20478
88.25921299999754, 365255, 538944, 20474
88.46912300000258, 365054, 538928, 20474
88.51496100000077, 364998, 538925, 20471
88.56315899999754, 364893, 538919, 20472
88.61590599999909, 364845, 538915, 20474
88.68482699999731, 364803, 538907, 20473
88.74125400000048, 364759, 538903, 20474
88.79457399999956, 364708, 538900, 20473
88.85435000000143, 364656, 538897, 20473
88.91932799999631, 364547, 538893, 20474
88.97945800000161, 364491, 538887, 20472
89.02746299999853, 364434, 538881, 20472
89.0915840000016, 364373, 538878, 20471
89.15544199999567, 364309, 538876, 20467
89.20424700000149, 364184, 538872, 20473
89.26758800000243, 364122, 538865, 20475
89.47744000000239, 363968, 538856, 20477
89.5208249999996, 363919, 538855, 20489
89.56027999999787, 363820, 538851, 20479
89.62432999999874, 363759, 538843, 20480
89.68625199999951, 363707, 538834, 20481
89.74822499999573, 363674, 538831, 20482
89.82256999999663, 363634, 538827, 20485
89.87099699999817, 363583, 538824, 20482
89.9245049999954, 363476, 538818, 20491
89.97626099999616, 363421, 538811, 20492
90.0361069999999, 363372, 538807, 20492
90.10007699999551, 363332, 538806, 20493
90.14833799999906, 363297, 538807, 20491
90.21239400000195, 363215, 538807, 20495
90.27602299999853, 363162, 538803, 20495
90.48489500000142, 362931, 538801, 20496
90.5201390000002, 362855, 538800, 20486
90.56737499999872, 362714, 538792, 20495
90.63242299999547, 362640, 538783, 20494
90.68033999999898, 362569, 538773, 20495
90.742968999999, 362501, 538768, 20497
90.86996199999703, 362437, 538763, 20491
90.9170479999957, 362347, 538748, 20493
90.94959499999823, 362327, 538740, 20492
90.98940299999958, 362302, 538733, 20490
91.04457199999888, 362274, 538733, 20489
91.09326899999724, 362238, 538733, 20491
91.1571380000023, 362198, 538732, 20486
91.2207980000021, 362132, 538733, 20488
91.28459299999668, 362095, 538729, 20488
91.58925499999896, 361825, 538721, 20487
91.62598099999741, 361825, 538721, 20487
91.6550569999963, 361643, 538702, 20487
91.69638000000123, 361555, 538695, 20486
91.86242399999901, 361476, 538686, 20487
91.89762999999948, 361398, 538680, 20486
91.9292209999985, 361329, 538669, 20483
91.97307400000136, 361224, 538652, 20488
92.00538299999607, 361171, 538641, 20488
92.03773099999671, 361124, 538630, 20489
92.07520099999965, 361086, 538625, 20489
92.1017639999991, 361037, 538623, 20494
92.1653559999977, 360951, 538619, 20495
92.22917099999904, 360906, 538617, 20492
92.27746599999955, 360850, 538613, 20493
92.50277600000118, 360582, 538609, 20492
92.53355700000247, 360511, 538598, 20491
94.53491799999756, 360445, 538588, 20491
94.5669310000012, 360376, 538575, 20491
94.59912600000098, 360302, 538568, 20490
94.64672199999768, 360222, 538559, 20491
94.68001199999708, 360052, 538539, 20489
94.7111470000018, 359971, 538529, 20491
94.74309299999732, 359892, 538520, 20491
94.77565499999764, 359816, 538511, 20490
94.82299400000193, 359745, 538502, 20492
94.85515399999713, 359678, 538493, 20491
94.88721799999621, 359578, 538480, 20490
94.91934699999547, 359540, 538473, 20490
95.06664699999965, 359447, 538454, 20484
95.09939799999847, 359419, 538447, 20484
95.13342399999965, 359374, 538443, 20482
95.17487599999731, 359313, 538440, 20479
95.22020199999679, 359253, 538438, 20472
95.25458300000173, 359122, 538434, 20480
95.28242699999828, 359065, 538431, 20480
95.38522999999986, 357877, 538375, 20492
95.43755999999848, 357743, 538357, 20488
95.46891799999867, 357680, 538350, 20486
95.49506100000144, 357616, 538347, 20486
95.52718699999969, 357546, 538343, 20485
95.56384000000253, 357478, 538332, 20483
95.59186300000147, 357350, 538323, 20485
95.623728999999, 357287, 538313, 20485
95.6712520000001, 357235, 538305, 20482
95.70350399999734, 357174, 538300, 20483
95.73589499999798, 357107, 538293, 20478
95.88313699999708, 356835, 538269, 20477
95.9171520000018, 356763, 538265, 20475
95.94911100000172, 356694, 538258, 20476
95.97659099999873, 356625, 538254, 20475
96.027350999997, 356494, 538245, 20473
96.06039400000009, 356431, 538239, 20473
96.09306900000229, 356374, 538232, 20471
96.13127199999872, 356314, 538228, 20470
96.15529999999853, 356252, 538220, 20469
96.20384399999602, 356129, 538211, 20467
96.23265299999912, 356065, 538201, 20466
96.28168999999616, 355997, 538190, 20465
96.30416800000239, 355932, 538180, 20464
96.34592600000178, 355870, 538176, 20461
96.37668000000122, 355805, 538173, 20470
96.51597500000207, 355572, 538156, 20461
96.55271199999697, 355521, 538148, 20460
96.58393000000069, 355469, 538146, 20458
96.6468789999999, 355423, 538144, 20459
96.69043899999815, 355315, 538139, 20457
96.7489179999975, 355268, 538131, 20456
96.84255899999698, 355210, 538126, 20456
96.88175899999624, 355152, 538124, 20453
96.92347200000222, 355092, 538120, 20458
96.98444700000255, 354967, 538108, 20453
97.03288099999918, 354904, 538097, 20452
97.11269000000175, 354842, 538087, 20451
97.19311000000016, 354778, 538084, 20451
97.22499000000244, 354719, 538079, 20450
97.27277599999798, 354660, 538071, 20447
97.4844030000022, 354408, 538049, 20451
97.54584400000022, 354348, 538039, 20455
97.58314999999857, 354286, 538035, 20450
97.62671099999716, 354169, 538027, 20448
97.68850499999826, 354114, 538021, 20448
97.75249600000097, 354061, 538014, 20448
97.82449400000041, 354005, 538012, 20448
97.88062999999966, 353952, 538010, 20447
97.93358499999886, 353899, 538008, 20440
97.9770239999998, 353794, 537990, 20446
98.04101000000082, 353740, 537982, 20446
98.1048129999981, 353678, 537976, 20446
98.16869299999962, 353620, 537972, 20446
98.2337189999962, 353558, 537968, 20444
98.28096199999709, 353428, 537954, 20445
98.49225599999772, 353229, 537934, 20444
98.5426460000017, 353159, 537925, 20440
98.57398300000204, 353089, 537918, 20443
98.65647100000206, 352953, 537911, 20443
98.69725199999812, 352884, 537892, 20443
98.74536999999691, 352817, 537888, 20443
98.81631299999572, 352752, 537883, 20443
98.91540199999872, 352684, 537881, 20441
99.11353499999677, 352620, 537877, 20450
99.1615129999991, 352490, 537859, 20441
99.19376999999804, 352425, 537851, 20440
99.22564599999896, 352359, 537846, 20439
99.25820399999793, 352297, 537843, 20437
99.30537399999594, 352235, 537839, 20447
99.33818600000086, 352119, 537825, 20436
99.53443400000106, 351947, 537794, 20435
99.56442199999583, 351888, 537786, 20433
99.59773899999709, 351830, 537784, 20435
99.72610600000189, 351716, 537773, 20432
99.76346200000262, 351658, 537764, 20432
99.80034499999601, 351599, 537759, 20432
99.88556899999821, 351541, 537754, 20434
99.9138380000004, 351486, 537747, 20428
99.95114699999976, 351383, 537731, 20429
99.99734899999748, 351337, 537724, 20428
100.05862199999683, 351288, 537717, 20429
100.12184200000047, 351237, 537714, 20431
100.17041199999949, 351187, 537710, 20432
100.25148500000068, 351085, 537695, 20428
100.45838399999775, 350878, 537665, 20428
100.49800400000095, 350828, 537658, 20428
100.63734999999724, 350785, 537644, 20427
100.67217299999902, 350736, 537638, 20427
100.7183240000013, 350692, 537633, 20430
100.75491799999872, 350654, 537627, 20428
100.8591299999971, 350587, 537607, 20430
100.87823399999616, 350573, 537597, 20429
100.92924299999868, 350535, 537587, 20429
100.975695000001, 350505, 537583, 20429
101.02287699999579, 350474, 537578, 20419
101.08295999999973, 350397, 537564, 20433
101.14666900000157, 350345, 537552, 20434
101.21051399999851, 350304, 537539, 20435
101.25940999999875, 350259, 537529, 20436
101.48502899999585, 350012, 537480, 20439
101.51804399999673, 349941, 537459, 20439
101.56526199999644, 349874, 537439, 20440
101.61377499999799, 349803, 537423, 20442
101.6782699999967, 349725, 537406, 20440
101.7397989999954, 349599, 537367, 20442
101.80286699999851, 349535, 537339, 20444
101.85949499999697, 349473, 537317, 20444
101.9191290000017, 349407, 537296, 20450
101.98006299999543, 349327, 537279, 20450
102.0431580000004, 349152, 537242, 20446
102.12315500000113, 349073, 537218, 20447
102.15543400000024, 349001, 537202, 20447
102.2195670000001, 348926, 537192, 20447
102.2681900000025, 348858, 537177, 20450
102.49606499999936, 348629, 537147, 20449
102.52715299999545, 348584, 537132, 20450
102.57569599999988, 348560, 537128, 20450
102.63968300000124, 348511, 537124, 20441
102.68377599999803, 348424, 537109, 20452
102.76882699999987, 348384, 537098, 20453
102.81469099999958, 348332, 537086, 20453
102.87699499999871, 348281, 537079, 20454
102.95992000000115, 348231, 537071, 20451
103.02034699999786, 348074, 537050, 20455
103.06780499999877, 348008, 537043, 20455
103.10011099999974, 347940, 537034, 20456
103.164929999999, 347866, 537022, 20455
103.2278279999955, 347792, 537015, 20455
103.27646100000129, 347710, 537007, 20457
103.50006600000052, 347414, 536972, 20458
103.53201699999772, 347340, 536956, 20458
103.60780700000032, 347267, 536948, 20457
103.63261899999634, 347196, 536942, 20446
103.69488699999783, 347059, 536924, 20460
103.75912499999686, 346990, 536918, 20460
103.82376600000134, 346924, 536915, 20461
103.87105300000258, 346859, 536913, 20461
103.93596199999592, 346797, 536913, 20454
103.99730799999816, 346679, 536911, 20462
104.04516399999557, 346621, 536905, 20463
104.1087619999962, 346564, 536900, 20462
104.17260199999873, 346504, 536900, 20464
104.2363170000026, 346452, 536899, 20463
104.30079000000114, 346350, 536897, 20464
104.49827899999946, 346176, 536888, 20464
104.54443000000174, 346108, 536878, 20467
104.58858399999735, 346041, 536873, 20466
104.65786600000138, 345897, 536861, 20464
106.46199799999886, 345821, 536851, 20466
106.49395199999708, 345747, 536834, 20467
106.52612699999736, 345674, 536821, 20468
106.55865500000073, 345602, 536811, 20465
106.60576800000126, 345530, 536799, 20475
106.63788299999578, 345401, 536772, 20472
106.67012099999556, 345341, 536759, 20473
106.70198199999868, 345281, 536749, 20472
106.73508199999924, 345227, 536741, 20470
106.78231199999573, 345169, 536729, 20477
106.92068399999698, 345016, 536682, 20473
106.95912500000122, 344972, 536660, 20473
106.99970999999641, 344948, 536648, 20473
107.02315699999599, 344901, 536636, 20472
107.05775300000096, 344831, 536624, 20471
107.09427599999617, 344766, 536612, 20475
107.14516400000139, 344686, 536602, 20472
107.16653299999598, 344513, 536584, 20473
107.1993799999982, 344434, 536573, 20474
107.31965599999967, 343621, 536498, 20479
107.34860099999787, 343541, 536490, 20480
107.37586899999587, 343459, 536484, 20479
107.39514899999631, 343376, 536476, 20475
107.4382639999967, 343218, 536475, 20479
107.47057199999836, 343141, 536473, 20479
107.5031020000024, 343065, 536468, 20479
107.53458500000124, 342991, 536467, 20479
107.58227700000134, 342920, 536465, 20477
107.61453600000095, 342850, 536467, 20480
107.64658999999665, 342714, 536457, 20481
107.68018499999744, 342654, 536444, 20479
107.7113210000025, 342594, 536439, 20480
107.85888300000079, 342361, 536427, 20481
107.89726199999859, 342300, 536421, 20481
107.9448179999963, 342241, 536415, 20482
107.96960599999875, 342181, 536410, 20482
108.00122499999998, 342119, 536408, 20482
108.03413, 342058, 536406, 20486
108.0730509999994, 341935, 536402, 20483
108.11159400000179, 341872, 536394, 20483
108.15228599999682, 341808, 536387, 20484
108.17820100000245, 341745, 536386, 20483
108.21974500000215, 341682, 536382, 20480
108.24677900000097, 341561, 536376, 20488
108.28806199999963, 341503, 536374, 20484
108.32754399999976, 341447, 536370, 20484
108.35397899999953, 341391, 536366, 20486
108.50088899999537, 341164, 536354, 20488
108.52965499999846, 341099, 536348, 20488
108.5800240000026, 341034, 536343, 20489
108.63238199999614, 340969, 536340, 20489
108.69138099999691, 340901, 536338, 20489
108.7590229999987, 340767, 536332, 20490
108.81669800000236, 340702, 536331, 20490
108.8710229999997, 340636, 536326, 20490
108.9302269999971, 340570, 536323, 20490
108.99135899999965, 340503, 536321, 20491
109.04294500000105, 340437, 536318, 20487
109.10372600000119, 340305, 536314, 20492
109.16745100000117, 340237, 536307, 20492
109.21623199999885, 340168, 536302, 20493
109.27958999999828, 340096, 536300, 20494
109.49720399999933, 339819, 536288, 20497
109.53689499999746, 339749, 536283, 20495
109.57508499999676, 339682, 536277, 20496
109.63417299999855, 339618, 536275, 20493
109.69663500000024, 339554, 536274, 20491
109.80890199999703, 339435, 536268, 20496
109.84425799999735, 339372, 536254, 20497
109.87761799999862, 339313, 536247, 20497
109.93584800000099, 339251, 536243, 20499
109.9926009999981, 339190, 536241, 20496
110.05384699999559, 339127, 536240, 20504
110.11194299999624, 338997, 536235, 20500
110.16058899999916, 338931, 536225, 20499
110.22439499999746, 338863, 536219, 20501
110.28807299999607, 338795, 536218, 20498
110.49698299999727, 338517, 536207, 20503
110.53328899999906, 338447, 536200, 20503
110.58841799999936, 338375, 536194, 20504
110.64666500000021, 338301, 536190, 20503
110.70749799999612, 338228, 536186, 20501
110.7555199999988, 338086, 536178, 20508
110.83361300000252, 338018, 536169, 20508
110.88364899999578, 337955, 536163, 20510
110.93377199999668, 337895, 536162, 20509
110.99264799999946, 337839, 536161, 20510
111.05661300000065, 337731, 536158, 20512
111.12041699999827, 337674, 536154, 20511
111.16934500000207, 337611, 536147, 20511
111.23270100000082, 337542, 536145, 20511
111.29692899999645, 337470, 536140, 20511
111.50889299999835, 337175, 536122, 20515
111.5418009999994, 337107, 536104, 20514
111.58704600000056, 337042, 536102, 20515
111.64902699999948, 336983, 536098, 20513
111.69967000000179, 336928, 536094, 20527
111.89046299999609, 336846, 536082, 20516
111.92743399999745, 336814, 536071, 20517
111.96918000000005, 336775, 536060, 20517
112.00216499999806, 336733, 536055, 20517
112.0370350000012, 336680, 536051, 20519
112.06657199999609, 336566, 536035, 20518
112.11336399999709, 336517, 536023, 20518
112.1773419999954, 336456, 536011, 20518
112.24154899999849, 336373, 536002, 20518
112.4663040000014, 336044, 535948, 20523
112.50026300000172, 335968, 535930, 20524
112.54932800000097, 335913, 535917, 20535
112.62063800000033, 335829, 535892, 20524
112.68120700000145, 335793, 535877, 20525
112.72646099999838, 335763, 535860, 20525
112.79671999999846, 335722, 535851, 20522
112.84947699999611, 335677, 535841, 20526
112.91653499999666, 335595, 535822, 20524
112.98273899999913, 335555, 535809, 20524
113.15419799999654, 335503, 535792, 20524
113.20169799999712, 335431, 535781, 20524
113.23389899999893, 335349, 535768, 20527
113.26657800000248, 335277, 535752, 20520
113.29894699999568, 335141, 535740, 20526
113.47754300000088, 334918, 535717, 20527
113.51138899999933, 334835, 535714, 20524
113.56515399999626, 334759, 535711, 20520
113.61899499999708, 334632, 535705, 20528
113.68876900000032, 334578, 535695, 20529
113.75046799999836, 334528, 535690, 20529
113.81396600000153, 334474, 535687, 20529
113.85892700000113, 334412, 535684, 20523
113.91729599999962, 334270, 535671, 20530
113.97031499999866, 334200, 535656, 20530
114.03434600000037, 334130, 535646, 20531
114.09853199999634, 334065, 535640, 20530
114.1473279999991, 333999, 535633, 20530
114.21218599999702, 333855, 535614, 20531
114.27443299999868, 333786, 535605, 20532
114.48360300000058, 333578, 535566, 20533
114.5281810000015, 333512, 535553, 20529
114.57130799999868, 333398, 535525, 20534
114.63223799999832, 333348, 535511, 20535
114.67625399999815, 333293, 535497, 20535
114.74582499999815, 333231, 535487, 20535
114.8051489999998, 333163, 535479, 20533
114.86181699999725, 333091, 535471, 20537
114.92112199999974, 332931, 535451, 20536
114.9959899999958, 332854, 535437, 20536
115.10709499999939, 332784, 535424, 20537
115.1391949999961, 332718, 535416, 20536
115.25157300000137, 332655, 535409, 20532
115.28428200000053, 332524, 535383, 20537
115.33100600000034, 332454, 535377, 20537
115.47554800000216, 332253, 535356, 20537
115.5237879999986, 332192, 535355, 20528
115.5726250000007, 332076, 535351, 20539
115.61957899999834, 332016, 535346, 20538
115.68668400000024, 331950, 535343, 20536
115.74729999999545, 331880, 535345, 20539
115.81036999999924, 331812, 535347, 20538
115.87193599999591, 331680, 535351, 20537
115.92409600000246, 331619, 535351, 20537
115.9876030000014, 331561, 535350, 20537
116.04377199999726, 331508, 535349, 20536
116.09963199999765, 331451, 535350, 20537
116.16383399999904, 331395, 535351, 20534
116.2125739999974, 331277, 535348, 20537
116.27619699999923, 331214, 535342, 20537
116.48835800000234, 330950, 535333, 20538
116.52713000000222, 330950, 535333, 20538
116.56539399999747, 330813, 535331, 20536
116.62824600000022, 330745, 535325, 20537
116.69339699999546, 330680, 535320, 20536
116.74551300000167, 330620, 535317, 20536
116.80833300000086, 330563, 535314, 20528
116.88403000000108, 330455, 535308, 20537
116.93187500000204, 330400, 535301, 20536
116.99651499999891, 330341, 535292, 20537
117.0556030000007, 330279, 535290, 20538
117.10888100000011, 330215, 535288, 20538
117.15658999999869, 330149, 535286, 20541
117.2202380000017, 330009, 535279, 20538
117.28422399999545, 329936, 535271, 20538
117.49527999999555, 329657, 535259, 20538
117.53088900000148, 329590, 535255, 20543
117.5758679999999, 329525, 535253, 20541
117.63772800000152, 329462, 535246, 20540
117.68572899999708, 329395, 535243, 20540
117.75617999999668, 329330, 535239, 20539
117.82073600000149, 329260, 535236, 20544
117.88043199999811, 329122, 535230, 20542
117.93451199999981, 329051, 535220, 20542
118.00655700000061, 328981, 535213, 20543
118.05258599999797, 328915, 535210, 20542
118.10433499999635, 328845, 535208, 20543
118.16524299999583, 328712, 535199, 20543
118.22925799999939, 328646, 535188, 20543
118.32513199999812, 328582, 535177, 20543
118.46898900000087, 328325, 535158, 20545
118.5268670000005, 328260, 535149, 20545
118.58624299999792, 328194, 535142, 20546
118.65378799999598, 328127, 535134, 20546
118.71798599999602, 328056, 535129, 20547
118.76307899999665, 327985, 535125, 20545
118.82387899999594, 327917, 535122, 20560
118.86930099999881, 327785, 535112, 20549
118.94221100000141, 327723, 535100, 20548
118.997414999998, 327659, 535094, 20549
119.04628599999705, 327597, 535091, 20549
119.10960499999783, 327533, 535086, 20565
119.17380199999752, 327400, 535073, 20550
119.22225900000194, 327329, 535063, 20550
119.28601799999888, 327252, 535053, 20551
119.50187200000073, 326975, 535027, 20554
119.54271999999764, 326914, 535017, 20555
119.60566400000243, 326853, 535003, 20556
119.65550200000143, 326794, 534992, 20556
119.7088470000017, 326732, 534985, 20556
119.76806699999725, 326664, 534977, 20557
119.81872899999871, 326511, 534964, 20559
119.88138299999991, 326427, 534957, 20558
119.94266699999571, 326346, 534946, 20560
119.99040099999547, 326272, 534937, 20561
120.05420900000172, 326201, 534932, 20563
120.1187659999996, 326133, 534925, 20561
120.18198400000256, 325983, 534910, 20563
120.23062699999718, 325905, 534898, 20564
120.47597800000221, 325608, 534870, 20567
120.49701199999981, 325534, 534860, 20568
120.55861700000241, 325463, 534856, 20568
120.61535300000105, 325396, 534852, 20569
120.66711699999723, 325335, 534845, 20570
120.73296799999662, 325214, 534835, 20569
120.79075300000113, 325152, 534822, 20570
120.85722099999839, 325081, 534814, 20569
120.91599999999744, 325009, 534810, 20566
120.97217400000227, 324938, 534806, 20559
121.03045800000109, 324812, 534799, 20571
121.07926099999895, 324751, 534790, 20573
121.14418099999602, 324688, 534780, 20573
121.20766600000206, 324622, 534776, 20573
121.25548300000082, 324563, 534771, 20577
121.48331599999801, 324363, 534740, 20575
121.51949800000148, 324313, 534725, 20575
121.55940800000099, 324264, 534715, 20576
121.63550499999837, 324227, 534707, 20590
121.67416599999706, 324120, 534691, 20576
121.74677499999962, 324053, 534678, 20575
121.80749800000194, 323987, 534667, 20576
121.86172100000113, 323920, 534665, 20574
121.92855799999961, 323854, 534661, 20572
121.97663199999806, 323734, 534655, 20574
122.02506100000028, 323682, 534651, 20577
122.08789000000252, 323639, 534642, 20577
122.15146300000197, 323599, 534637, 20577
122.20193499999732, 323576, 534634, 20577
122.26375800000096, 323552, 534627, 20567
122.4908529999957, 323415, 534595, 20580
122.5283070000005, 323369, 534584, 20581
122.57445000000007, 323310, 534578, 20580
122.6526240000021, 323248, 534574, 20596
122.68621999999596, 323116, 534564, 20585
122.74408499999845, 323047, 534555, 20585
122.80558799999562, 322984, 534547, 20586
122.85993600000074, 322926, 534544, 20588
122.92521000000124, 322871, 534541, 20597
122.97652599999856, 322783, 534534, 20592
123.03723699999682, 322742, 534528, 20594
123.09623599999759, 322698, 534520, 20596
123.16016300000047, 322648, 534517, 20592
123.20837500000198, 322599, 534515, 20600
123.27253199999541, 322496, 534511, 20603
123.48573999999644, 322355, 534500, 20607
123.53089000000182, 322295, 534492, 20604
123.57055899999978, 322229, 534491, 20607
123.62810599999648, 322105, 534489, 20612
123.6901910000015, 322048, 534483, 20614
123.74502799999755, 321999, 534476, 20617
123.805134000002, 321963, 534473, 20618
123.88453399999707, 321931, 534471, 20621
123.93656499999634, 321891, 534471, 20613
123.99274599999626, 321798, 534467, 20625
124.04144400000223, 321745, 534462, 20627
124.10469700000249, 321691, 534458, 20627
124.1530419999981, 321638, 534455, 20626
124.21719999999914, 321585, 534451, 20634
124.28166799999599, 321482, 534441, 20629
124.49288499999966, 321319, 534405, 20632
124.53166200000123, 321264, 534394, 20634
124.57906099999673, 321217, 534386, 20637
124.63448100000096, 321122, 534366, 20634
124.69871799999964, 321069, 534352, 20634
124.74711099999695, 321015, 534340, 20633
124.80901699999959, 320965, 534332, 20635
124.8727859999999, 320910, 534324, 20632
124.92257899999822, 320797, 534307, 20631
124.9855349999998, 320747, 534296, 20631
125.04912399999739, 320696, 534280, 20631
125.09754799999791, 320647, 534270, 20629
125.16167100000166, 320596, 534259, 20628
125.22549499999877, 320542, 534247, 20626
125.28914899999654, 320432, 534225, 20626
125.51560600000084, 320279, 534185, 20626
125.53067500000179, 320226, 534175, 20625
125.58471599999757, 320116, 534155, 20628
125.64155600000231, 320061, 534147, 20625
125.69239099999686, 320008, 534136, 20626
125.75772000000143, 319955, 534126, 20626
125.82284799999616, 319906, 534120, 20624
125.99398199999996, 319861, 534115, 20631
126.04159799999616, 319755, 534097, 20628
126.0737369999988, 319707, 534083, 20629
126.10593399999925, 319657, 534078, 20629
126.13810599999852, 319612, 534074, 20628
126.16999100000248, 319573, 534071, 20630
126.23363399999653, 319486, 534065, 20627
126.39380299999902, 319446, 534061, 20626
126.52958000000217, 319300, 534028, 20624
126.571557999996, 319249, 534017, 20627
126.60507299999881, 319143, 534002, 20624
126.64851900000212, 319092, 533997, 20624
126.69895099999849, 319042, 533985, 20625
126.76937499999622, 318988, 533981, 20624
126.8205020000023, 318936, 533975, 20623
126.8874880000003, 318882, 533970, 20633
126.93823700000212, 318771, 533961, 20625
127.00283299999865, 318716, 533953, 20624
127.0506069999974, 318667, 533947, 20624
127.11461699999927, 318619, 533943, 20623
127.17860400000063, 318568, 533938, 20634
127.24224800000229, 318471, 533927, 20622
127.29085699999996, 318421, 533919, 20622
127.51726600000256, 318217, 533895, 20623
127.54816199999914, 318217, 533895, 20623
127.60326099999656, 318113, 533885, 20620
127.65282499999739, 318060, 533877, 20621
127.71324299999833, 318006, 533871, 20621
127.77052299999923, 317953, 533866, 20624
127.8220319999964, 317904, 533859, 20627
127.88832099999854, 317821, 533849, 20622
127.94861900000251, 317775, 533837, 20621
127.99502000000211, 317731, 533828, 20621
128.05965999999898, 317687, 533823, 20623
128.1230859999996, 317641, 533819, 20619
128.17162699999608, 317556, 533809, 20620
128.23566700000083, 317510, 533802, 20621
128.46272899999894, 317287, 533774, 20619
128.50219999999536, 317227, 533767, 20619
128.55651000000216, 317173, 533758, 20619
128.6250480000017, 317119, 533754, 20618
128.68144100000063, 317065, 533751, 20617
128.75606600000174, 316962, 533744, 20619
128.8057409999965, 316918, 533735, 20619
128.84415799999988, 316870, 533727, 20619
128.90954899999633, 316821, 533722, 20621
128.9748219999965, 316773, 533716, 20617
129.0365380000003, 316723, 533709, 20617
129.08377199999813, 316619, 533692, 20621
129.147530000002, 316577, 533682, 20623
129.21157099999982, 316535, 533672, 20624
129.26009799999883, 316498, 533666, 20627
129.48702200000116, 316339, 533651, 20626
129.52109899999778, 316288, 533646, 20627
129.56543199999578, 316234, 533646, 20629
129.6276230000003, 316178, 533644, 20628
129.68238399999973, 316125, 533643, 20636
129.7504590000026, 316019, 533638, 20629
129.80559599999833, 315969, 533632, 20630
129.85647099999915, 315920, 533626, 20630
129.91742199999862, 315876, 533624, 20634
129.99042399999598, 315828, 533623, 20631
130.0285240000012, 315732, 533618, 20633
130.09287200000108, 315692, 533610, 20635
130.1561789999978, 315651, 533603, 20636
130.21991600000183, 315608, 533604, 20637
130.26852299999882, 315567, 533602, 20635
130.49429499999678, 315407, 533599, 20641
130.5364950000003, 315374, 533592, 20642
130.5727990000014, 315327, 533591, 20645
130.63035999999556, 315271, 533591, 20644
130.69000799999776, 315157, 533589, 20645
130.75030100000004, 315101, 533587, 20646
130.8123990000022, 315052, 533582, 20647
130.86496900000202, 315008, 533583, 20648
130.92597099999693, 314968, 533585, 20648
130.9884699999966, 314926, 533587, 20657
131.03748500000074, 314840, 533590, 20651
131.10085199999594, 314792, 533585, 20652
131.16510199999902, 314739, 533581, 20653
131.2132799999963, 314686, 533584, 20652
131.2771969999958, 314636, 533584, 20660
131.4924830000018, 314451, 533562, 20655
131.52240000000165, 314408, 533549, 20655
131.58657600000151, 314367, 533543, 20653
131.64012999999977, 314323, 533537, 20656
131.69426799999928, 314232, 533525, 20655
131.74751300000207, 314183, 533515, 20656
131.80515100000048, 314141, 533506, 20656
131.87179399999877, 314096, 533502, 20655
131.9330839999966, 314061, 533498, 20655
131.9846550000002, 313977, 533487, 20655
132.04539400000067, 313936, 533477, 20656
132.10917499999778, 313894, 533469, 20655
132.15874800000165, 313851, 533464, 20655
132.22170000000187, 313798, 533459, 20657
132.28546800000186, 313747, 533451, 20660
132.4951779999974, 313553, 533406, 20656
132.53066399999807, 313504, 533390, 20656
132.58658499999729, 313457, 533380, 20659
132.7468910000025, 313416, 533370, 20651
132.7680330000003, 313325, 533349, 20658
132.80288799999835, 313273, 533334, 20659
132.83989199999633, 313217, 533320, 20659
132.8819629999998, 313164, 533310, 20665
132.92596600000252, 313112, 533307, 20648
132.99557300000015, 313002, 533302, 20661
133.05598800000007, 312950, 533296, 20662
133.11766299999726, 312902, 533292, 20663
133.1663039999985, 312853, 533292, 20667
133.2299920000005, 312798, 533294, 20655
133.29385200000252, 312697, 533296, 20666
133.5195339999991, 312562, 533295, 20668
133.53867000000173, 312511, 533297, 20681
133.58562299999903, 312465, 533299, 20658
133.6475930000015, 312376, 533304, 20672
133.70307899999898, 312331, 533302, 20672
133.7589850000004, 312292, 533298, 20674
133.90411799999856, 312251, 533301, 20674
133.9363699999958, 312205, 533305, 20674
133.97253900000214, 312116, 533308, 20679
134.0147450000004, 312070, 533312, 20680
134.08006300000125, 312023, 533314, 20681
134.11071999999695, 311975, 533317, 20682
134.17465300000185, 311926, 533322, 20685
134.23848100000032, 311877, 533325, 20688
134.28739900000073, 311780, 533332, 20686
134.51050199999736, 311616, 533328, 20690
134.54907799999637, 311561, 533328, 20693
134.5917150000023, 311508, 533329, 20692
134.65534299999854, 311414, 533327, 20690
134.7079470000026, 311362, 533319, 20692
134.77918599999975, 311314, 533316, 20692
134.83218699999998, 311266, 533312, 20692
134.88752199999726, 311217, 533309, 20702
134.9457309999998, 311124, 533301, 20695
135.0092069999955, 311074, 533294, 20695
135.07597600000008, 311027, 533288, 20695
135.11940499999764, 310976, 533282, 20694
135.18326700000034, 310925, 533277, 20702
135.24706999999762, 310824, 533271, 20698
135.4738789999974, 310690, 533255, 20699
135.50518700000248, 310602, 533251, 20701
135.5575570000001, 310563, 533245, 20703
135.61608200000046, 310524, 533243, 20704
135.68845000000147, 310483, 533243, 20705
135.74337299999752, 310439, 533243, 20708
135.797212999998, 310349, 533240, 20705
135.85569699999905, 310296, 533234, 20706
135.92046699999628, 310239, 533227, 20705
135.9745750000002, 310180, 533224, 20704
136.03206299999874, 310120, 533218, 20708
136.09575600000244, 310011, 533202, 20705
136.1595030000026, 309949, 533187, 20705
136.20852500000183, 309891, 533171, 20704
136.27200699999958, 309841, 533159, 20704
136.48186400000122, 309668, 533112, 20705
136.5171859999973, 309625, 533099, 20706
136.56451299999753, 309577, 533087, 20706
136.62777500000084, 309542, 533079, 20707
136.68905400000222, 309512, 533071, 20708
136.7412519999998, 309450, 533060, 20710
136.80576099999598, 309403, 533053, 20708
136.87232999999833, 309353, 533042, 20709
136.91458799999964, 309298, 533036, 20708
136.98037499999919, 309237, 533031, 20711
137.04046299999754, 309176, 533027, 20701
137.0892939999976, 309054, 533018, 20711
137.1526789999989, 308997, 533010, 20710
137.21643899999617, 308943, 533001, 20712
137.28025499999785, 308894, 532997, 20710
137.49407300000166, 308690, 532991, 20716
137.5278679999974, 308632, 532983, 20717
137.56974900000205, 308591, 532981, 20717
137.63274999999703, 308543, 532983, 20718
137.68355699999665, 308491, 532985, 20713
137.75023399999918, 308401, 532987, 20718
137.81212499999674, 308360, 532984, 20719
137.86608700000215, 308313, 532980, 20719
137.92830700000195, 308275, 532980, 20720
137.98501099999703, 308234, 532978, 20716
138.03363900000113, 308179, 532976, 20734
138.09715100000176, 308076, 532970, 20720
138.1610040000014, 308034, 532963, 20719
138.22497399999702, 308001, 532957, 20719
138.27324899999803, 307969, 532953, 20715
138.4816290000017, 307803, 532934, 20712
138.53284899999562, 307757, 532929, 20713
138.5796760000012, 307704, 532923, 20713
138.6305280000015, 307647, 532916, 20716
138.6924579999977, 307588, 532910, 20710
138.75990099999763, 307487, 532894, 20713
138.8129790000021, 307442, 532883, 20713
139.01736299999902, 307397, 532873, 20712
139.0416780000014, 307361, 532868, 20711
139.0739659999963, 307323, 532861, 20712
139.10686899999564, 307215, 532847, 20708
139.15370000000257, 307157, 532843, 20707
139.18596000000252, 307100, 532837, 20707
139.23336199999903, 307049, 532836, 20705
139.28256800000236, 306999, 532835, 20698
139.4938469999979, 306817, 532829, 20697
139.5394860000015, 306767, 532823, 20697
139.57817200000136, 306717, 532822, 20697
139.6377829999983, 306667, 532822, 20698
139.700245, 306564, 532821, 20694
139.76175199999852, 306511, 532819, 20693
139.8738200000007, 306461, 532813, 20693
139.91050600000017, 306408, 532813, 20693
139.94771400000172, 306355, 532810, 20695
140.00192199999583, 306262, 532803, 20689
140.05077899999742, 306216, 532799, 20693
140.11425900000177, 306168, 532791, 20694
140.25834000000032, 306112, 532788, 20692
140.2905350000001, 306050, 532784, 20701
140.32256400000188, 305927, 532779, 20702
140.51548200000252, 305767, 532771, 20698
140.5554540000012, 305712, 532766, 20696
140.59541699999681, 305656, 532766, 20698
140.64624200000253, 305560, 532767, 20701
140.71751499999664, 305515, 532767, 20702
140.77090999999928, 305471, 532763, 20703
140.82618199999706, 305420, 532765, 20704
140.8841289999982, 305369, 532769, 20704
140.947113000002, 305314, 532771, 20705
141.010497999996, 305216, 532775, 20709
141.0591229999991, 305168, 532772, 20710
141.1240289999987, 305121, 532776, 20711
141.18687399999908, 305070, 532779, 20710
141.23571999999695, 305016, 532780, 20701
141.46655699999974, 304794, 532779, 20714
141.50717499999882, 304680, 532774, 20714
141.56581700000243, 304624, 532764, 20715
141.62522000000172, 304565, 532754, 20714
141.68409699999756, 304508, 532748, 20715
141.73650700000144, 304461, 532742, 20714
141.8029469999965, 304411, 532734, 20712
141.8600379999989, 304313, 532721, 20716
141.91335799999797, 304264, 532710, 20717
141.9714410000015, 304214, 532703, 20719
142.0365180000008, 304161, 532699, 20722
142.099632999998, 304105, 532696, 20723
142.1475139999966, 303986, 532689, 20721
142.21178599999985, 303929, 532682, 20721
142.33964399999968, 303877, 532675, 20721
142.48738700000104, 303657, 532643, 20720
142.51730800000223, 303598, 532630, 20717
142.57007100000192, 303539, 532616, 20719
142.65856399999757, 303473, 532606, 20719
142.74719200000254, 303409, 532593, 20721
142.7745520000026, 303341, 532580, 20709
142.82168799999636, 303223, 532552, 20718
142.8701959999962, 303168, 532535, 20718
142.92451699999947, 303112, 532521, 20719
142.97996099999727, 303059, 532514, 20718
143.04384800000116, 303004, 532506, 20713
143.09288799999922, 302900, 532495, 20718
143.15650399999868, 302854, 532489, 20719
143.22013799999695, 302811, 532481, 20720
143.28404099999898, 302765, 532479, 20721
143.49246499999572, 302590, 532480, 20724
143.53493699999672, 302551, 532477, 20725
143.5736489999981, 302510, 532473, 20724
143.63796400000138, 302474, 532475, 20726
143.68717900000047, 302433, 532477, 20728
143.74940100000094, 302352, 532480, 20729
143.81287300000258, 302302, 532481, 20729
143.86081299999933, 302249, 532478, 20729
143.92909800000052, 302189, 532477, 20729
143.99197899999854, 302124, 532480, 20732
144.03723299999547, 302053, 532486, 20732
144.10143699999753, 301922, 532494, 20734
144.1654070000004, 301870, 532488, 20733
144.2285520000005, 301818, 532488, 20735
144.27794500000164, 301768, 532491, 20736
144.50334199999634, 301564, 532511, 20737
144.53923000000214, 301502, 532512, 20738
144.58181799999875, 301446, 532510, 20739
144.63510300000053, 301390, 532511, 20740
144.6983360000013, 301347, 532509, 20732
144.7568969999993, 301254, 532506, 20740
144.82088400000066, 301206, 532498, 20740
144.87430199999653, 301152, 532489, 20741
144.936437999997, 301092, 532484, 20740
144.99689499999658, 301035, 532480, 20741
145.04560700000002, 300926, 532472, 20741
145.10926699999982, 300868, 532467, 20741
145.17333599999984, 300807, 532457, 20740
145.2370630000005, 300747, 532450, 20738
145.28527300000133, 300689, 532443, 20734
145.49450100000104, 300485, 532408, 20734
145.54269199999544, 300427, 532391, 20734
145.57592199999635, 300369, 532380, 20733
145.63760399999592, 300317, 532368, 20732
145.7085189999998, 300261, 532356, 20728
145.75258899999608, 300123, 532336, 20731
145.81454099999974, 300058, 532322, 20731
145.8796450000009, 300006, 532311, 20730
145.94957299999805, 299962, 532304, 20728
145.9934809999977, 299915, 532299, 20735
146.05395899999712, 299802, 532290, 20729
146.11786900000152, 299743, 532283, 20727
146.1661499999973, 299692, 532278, 20726
146.230141, 299648, 532277, 20727
146.29407399999764, 299593, 532275, 20725
146.50488799999584, 299385, 532259, 20721
146.535778999998, 299318, 532249, 20721
146.58249599999544, 299261, 532246, 20717
146.64837499999703, 299209, 532241, 20719
146.70930699999735, 299081, 532233, 20719
146.76712899999984, 299009, 532223, 20717
146.8454070000007, 298953, 532216, 20716
146.89199599999847, 298907, 532213, 20715
146.93861499999912, 298844, 532210, 20709
146.99882100000104, 298791, 532210, 20721
147.06252200000017, 298705, 532202, 20711
147.11116500000207, 298644, 532194, 20711
147.17498099999648, 298591, 532188, 20710
147.2386370000022, 298547, 532184, 20710
147.46311499999865, 298316, 532170, 20705
147.50586399999884, 298250, 532161, 20709
147.56028800000058, 298136, 532157, 20704
147.6104869999981, 298077, 532148, 20705
147.67746800000168, 298007, 532140, 20704
147.73717500000203, 297946, 532137, 20704
147.80391099999542, 297892, 532134, 20703
147.85250599999563, 297841, 532129, 20700
147.9108469999992, 297717, 532120, 20703
147.97570299999643, 297679, 532112, 20702
148.0262900000016, 297627, 532106, 20701
148.08729699999822, 297569, 532104, 20695
148.15112399999634, 297514, 532102, 20700
148.19946699999855, 297418, 532095, 20699
148.26332199999888, 297356, 532086, 20699
148.4717380000002, 297200, 532076, 20698
148.50380600000062, 297136, 532074, 20695
148.55782899999758, 297025, 532072, 20696
148.61814199999935, 296979, 532065, 20693
148.68575099999725, 296919, 532061, 20694
148.74453599999833, 296859, 532062, 20693
148.79680299999745, 296811, 532062, 20693
148.85957500000222, 296690, 532058, 20693
148.92308000000048, 296637, 532054, 20693
148.97371900000144, 296594, 532046, 20693
149.0318049999987, 296535, 532044, 20693
149.0956640000004, 296475, 532041, 20691
149.1459709999981, 296420, 532038, 20700
149.20810599999822, 296321, 532031, 20690
149.27181399999972, 296255, 532023, 20689
149.4827860000005, 295997, 532008, 20689
149.51673099999607, 295997, 532008, 20689
149.57280299999547, 295899, 532001, 20689
149.63604699999996, 295834, 531994, 20688
149.69512399999803, 295777, 531990, 20688
149.7440510000015, 295741, 531989, 20689
149.8015049999958, 295687, 531987, 20689
149.86530299999868, 295591, 531983, 20686
149.9175219999961, 295519, 531977, 20685
149.97657900000195, 295459, 531971, 20685
150.04110899999796, 295414, 531968, 20685
150.08892199999536, 295352, 531964, 20681
150.15247100000124, 295232, 531959, 20683
150.21622499999648, 295171, 531956, 20682
150.2800470000002, 295102, 531948, 20682
150.48966400000063, 294839, 531933, 20682
150.52562200000102, 294781, 531925, 20682
150.56943099999626, 294716, 531920, 20681
150.6223949999985, 294645, 531915, 20681
150.68475899999612, 294596, 531913, 20680
150.74781300000177, 294550, 531912, 20680
150.8124800000005, 294490, 531912, 20670
150.86255700000038, 294384, 531906, 20679
150.9230899999966, 294320, 531902, 20678
150.98991699999897, 294271, 531899, 20676
151.0334189999994, 294219, 531901, 20678
151.09727199999907, 294155, 531904, 20681
151.16070899999613, 294051, 531907, 20675
151.22469399999682, 293986, 531903, 20674
151.2735180000018, 293923, 531898, 20673
151.4832899999965, 293699, 531892, 20674
151.52897400000074, 293643, 531884, 20673
151.5841849999997, 293576, 531877, 20674
151.62722699999722, 293525, 531872, 20673
151.70445800000016, 293471, 531870, 20669
151.7537749999974, 293405, 531867, 20678
151.8046519999989, 293290, 531857, 20672
151.87187399999675, 293226, 531850, 20672
151.93273699999554, 293168, 531842, 20672
151.97799999999552, 293100, 531839, 20671
152.04146400000172, 293033, 531836, 20673
152.10583799999586, 292974, 531833, 20670
152.15383299999667, 292861, 531826, 20671
152.2179249999972, 292801, 531817, 20669
152.28180099999736, 292737, 531809, 20670
152.4920029999994, 292504, 531793, 20668
152.5233739999967, 292436, 531785, 20669
152.58802099999593, 292381, 531777, 20668
152.63994500000263, 292314, 531771, 20669
152.7121130000014, 292246, 531770, 20670
152.7487409999958, 292196, 531767, 20666
152.81380399999762, 292084, 531761, 20668
152.87569000000076, 292040, 531756, 20668
152.94061299999885, 291977, 531750, 20666
152.98755399999936, 291935, 531750, 20669
153.0501379999987, 291876, 531748, 20666
153.1138030000002, 291791, 531746, 20666
153.16254900000058, 291722, 531742, 20666
153.22659099999873, 291682, 531735, 20665
153.28999900000053, 291619, 531734, 20665
153.50484599999618, 291393, 531730, 20663
153.53363700000045, 291323, 531726, 20662
153.59224800000084, 291250, 531722, 20662
153.64442699999927, 291200, 531722, 20661
153.69583899999998, 291130, 531721, 20662
153.7602909999987, 291064, 531720, 20665
153.82105800000136, 290934, 531718, 20660
153.9286460000003, 290864, 531714, 20660
153.95378399999754, 290802, 531712, 20660
153.99435899999662, 290728, 531713, 20656
154.09068699999625, 290652, 531707, 20659
154.12277899999754, 290505, 531707, 20659
154.3785659999994, 290437, 531693, 20659
154.4110559999972, 290373, 531689, 20659
154.44270200000028, 290302, 531689, 20660
154.58996599999955, 290061, 531677, 20659
154.62091299999884, 290004, 531669, 20659
154.6515419999996, 289946, 531661, 20657
154.68605299999763, 289881, 531659, 20657
154.7225449999969, 289834, 531653, 20660
154.76330700000108, 289704, 531648, 20657
154.81640299999708, 289641, 531644, 20656
154.87696799999685, 289576, 531638, 20656
154.94282399999793, 289520, 531636, 20657
155.0064960000018, 289454, 531634, 20659
155.0639650000012, 289399, 531633, 20657
155.11525899999833, 289262, 531629, 20657
155.17904099999578, 289194, 531623, 20656
155.22786199999973, 289133, 531620, 20655
155.29163700000208, 289066, 531618, 20650
155.5005369999999, 288795, 531603, 20655
155.53392699999677, 288717, 531587, 20655
155.58395600000222, 288636, 531583, 20655
155.6511909999972, 288552, 531580, 20658
155.7075229999973, 288471, 531576, 20655
155.7579029999979, 288310, 531569, 20655
155.82297200000176, 288237, 531562, 20655
155.88617099999828, 288169, 531555, 20656
155.94856499999878, 288109, 531553, 20657
156.00471200000175, 288049, 531552, 20654
156.05986200000189, 287942, 531549, 20655
156.12369000000035, 287898, 531543, 20655
156.17265500000212, 287864, 531541, 20655
156.23621699999785, 287825, 531543, 20653
156.46117999999842, 287671, 531547, 20653
156.50323000000208, 287631, 531542, 20658
156.56508899999608, 287567, 531543, 20648
156.61981599999854, 287393, 531543, 20652
156.68754400000034, 287293, 531536, 20653
156.7330839999995, 287193, 531534, 20652
156.7968239999973, 287095, 531535, 20652
156.84713599999668, 286993, 531535, 20653
156.9213529999979, 286790, 531533, 20658
156.97213000000193, 286697, 531532, 20654
157.02104400000098, 286612, 531526, 20655
157.08462300000247, 286527, 531526, 20655
157.14856399999553, 286448, 531527, 20654
157.21216899999854, 286372, 531527, 20661
157.26040300000022, 286216, 531524, 20655
157.47958999999537, 285977, 531516, 20655
157.51806399999623, 285901, 531515, 20666
157.56533499999932, 285824, 531516, 20649
157.61656100000255, 285674, 531518, 20656
157.67771899999934, 285596, 531513, 20654
157.7417029999997, 285447, 531512, 20655
157.7960579999999, 285366, 531515, 20659
157.87320100000215, 285295, 531517, 20647
157.95497700000124, 285179, 531520, 20659
157.99276400000235, 285134, 531511, 20660
158.03222599999572, 285091, 531508, 20662
164.44860899999912, 285054, 531511, 20664
164.48075299999618, 285023, 531517, 20661
166.04972099999577, 284995, 531520, 20664
166.085364999999, 284944, 531525, 20671
166.41909699999815, 284892, 531530, 20678
166.4555990000008, 284879, 531532, 20687
166.48630199999752, 284861, 531532, 20684
166.5296589999998, 284852, 531530, 20682
166.5628529999958, 284845, 531528, 20684
166.59553199999937, 284837, 531527, 20684
166.62874799999554, 284830, 531527, 20688
166.66800800000055, 284824, 531524, 20684
166.70613400000002, 284817, 531523, 20688
166.769859, 284814, 531518, 20688
171.42863000000216, 284810, 531513, 20688
171.4609980000023, 284807, 531510, 20691
172.82165600000008, 284803, 531506, 20683
172.86936299999797, 284801, 531499, 20691
172.90161400000216, 284798, 531495, 20691
173.38236499999766, 284675, 531172, 20753
173.41623299999628, 284675, 531169, 20754
173.50358899999992, 284650, 531075, 20780
173.65991499999654, 284645, 531061, 20786
173.69702400000097, 284644, 531060, 20785
173.72676199999842, 284644, 531059, 20785
173.7573859999975, 284644, 531056, 20787
173.80009599999903, 284644, 531051, 20791
173.83498300000065, 284642, 531049, 20783
173.87425999999687, 284642, 531045, 20790
